description,label
"Baha po dito, pumasok na ang water sa bahay namin.",flood
"MGA SIR, BUMIGAY ANG ROOF NG GYM. IT NEEDS HEAVY EQUIPMENT. KANINA PA PO ITO.",structural
Good morning Malalim na ang tubig kailangan ng bangka Wala namang nasaktan pero hindi kami makaalis Salamat po,flood
"URGENT: May seizure ang anak ko, need medic.",medical
Help po. The water is already waist deep sa tabi ng estero. Malakas pa rin ang ulan. Need help asap.,flood
Saklolo! May naimatay sa ilalim ng tulay hindi na humihinga He lost a lot of blood Pakitulungan po kami,medical
"good morning, the water is aleady chest deep near the health center. pls hurry.",flood
URGENT: Fire po dito malaki na ang apoy sa Legarda malapit sa LRT The smoke is very thick,fire
Emergency po There is a big crack on the bridge on Lacson Avenue Delikado sa mga dumadaan Asap po sana,structural
NANGANGANAK NA ANG BUNTIS KAILANGAN NG AMBULANSYA HE LOST A LOT OF BLOOD,medical
A family is stuck on the roof and the flood keeps rising Pakitulungan po kami,flood
"Good evening po, The creek overflowed and water is entering the houses sa P. Noval. The water is still rising.",flood
Mga sir A warehouse is burning in front of the elementary school Kumakalat na sa katabing bahay Asap po sana,fire
"TULONG! NAKATAGILID NA ANG LUMANG BAHAY, MALAPT NANG GUMUHO. PLEASE RESPOND.",structural
Attention MDRRMD: A warehouse is burning dito sa amin. Pakibilisan po.,fire
Saklolo! Pumapasok na ang tubig baha sa loob ng bahay dito sa amin Wala nang madaanan Asap po sana,flood
"Hanggang tuhod na ang baha near Quiapo church. Walang sunog, baha lang. Saklolo.",flood
good evening po umuusok ang kable ng kuryente at nag-aapoy na dikit-dikit ang mga bahay dito urgent po,fire
Nabagsakan ng billboard ang kalsada at the corner of Recto and Rizal Avenue. We have been waiting for an hour.,structural
"BAHA NA SA MALATE, HANGGANG SAKONG NA ANG TUBIG. WALA NANG MADAANAN. ASAP PO SANA.",flood
"HELP PO. NAG-COLLAPSE ANG WALL ALONG QUIRINO AVENUE, MAY NA-TRAP SA ILALIM. MAY MGA BATA AT MATATANDA DITO.",structural
pls help sira ang pader ng building baka gumuho sa pandacan wala pa pong dumarating,structural
"URGENT: Hiniika ang anak ko, nahihirapang huminga. Nangingitim na ang labi niya.",medical
report lang po: houses are submerged sa barangay 105 tondo plase send help,flood
May nasusunog na sasakyan near the health center Kumakalat na sa katabing bahay Marami pong tao dito,fire
Report lang po: May malaking bitak ang tulay dito sa amin Baka bumagsak pa ang iba,structural
Tulong! The roof of the covered court collapsed Salamat po,structural
tumataas ang tubig at the corner of recto and rizal avenue,flood
The creek overflowed and water is entering the houses sa likod ng palengke. Malakas pa rin ang ulan. Saklolo.,flood
"Good evening po, Bumagsak ang bakod na semento sa mga nakaparadang sasakyan. May mga taong naipit. Pakitulungan po kami.",structural
"Mga sir, My father is hving chest pain and can't breathe. He lost a lot of blood. Please send help.",medical
urgent: tumataas ang tubig sa malate brownout na rin dito send someone please,flood
A jeepney caught fire near the health center Light materials ang mga bahay,fire
Mga sir Asthma attack she can hardly breathe Walang sasakyan papunta sa ospital Pakitulungan po kami,medical
Pls help. A concrete fence fell on parked cars sa Binondo. Baka bumagsak pa ang iba. Marami pong tao dito.,structural
Tulong! Hirap huminga ang pasyente need oxygen We don't know first aid Urgent po,medical
Help po Mabilis tumaas ang tubig nasa ikalawang palapag na kami sa P Noval,flood
Soil and rocks slid down and covered the alley. Wala namang sugatan. Send someone please.,structural
Help po. Soil and rocks slid down and covered the alley along Quirino Avenue. Wala namang sugatan.,structural
"Good evening po, Hindi na kami makalabas, mataas na ang tubig. Wala namang nasaktan pero hindi kami makaalis. Kailangan namin ng rescue.",flood
"Saklolo! Nasusunog ang bahay dito sa amin, kumakalat na ang apoy. We can hear explosions.",fire
"A person is having a stroke, half of the face is drooping. May high blood ang pasyente. Pakitulungan po kami.",medical
"EMERGENCY PO. WATER CAME IN VERY FAST, ANKLE DEEP INSIDE THE HOUSE NOW. WALANG SUNOG, BAHA LANG.",flood
"tulong po. nagsimula ang sunog sa kusina, mabilis kumalat in front of the elementary school. kailangan namin ng rescue.",fire
"paki-check po, duguan ang ulo ng isang matanda maapos madulas near the health center. she is not responding. salamat po.",medical
"Paki-check po, Nahihilo at naninikip ang dbdib ng nanay ko. Walang sasakyan papunta sa ospital. Pakibilisan po.",medical
Paki-check po waist deep na ang baha sa kanto ng Dapitan at Blumentritt Our things are floating Marami pong tao dito,flood
A child has a very high fever and is having a seizure He lost a lot of blood,medical
Flash flood Our things are floating Wala pa pong dumarating,flood
attention mdrrmd: may sunog sa vito cruz. please respond.,fire
Good evening po A concrete fence fell on parked cars May mga taong naipit,structural
Tulong po. Nabalian ng binti ang rider sa Baseco compound. She is not responding. Wala pa pong dumarating.,medical
"may apoy sa stockroom, tumunog ang fire alarm. we can hear explosions. kailangan namin ng rescue.",fire
"Asthma attack, she can hardly breathe. He lost a lot of blood.",medical
HELP! May apoy sa ikatlong palapag ng gusali sa Binondo. The smoke is very thick. Pls hurry.,fire
"Mga sir, May sinkhole sa kalsada , lumulubog ang aspalto. Salamat po.",structural
a billboard fell on the road beside the covered court it needs heavy equipment kailangan namin ng rescue,structural
There is a big crack on the bridge sa looban ng Sampaloc. Hindi makadaan ang mga sasakyan. Please respond.,structural
"Nakuryente ang isang lalaki, hindi na gumagalaw.",medical
Saklolo! Houses are submerged near the health center.,flood
"URGENT: May sugatan near the creek, malalim ang sugat sa braso. Mahina na ang pulso. Tulong po.",medical
emergency po. may apoy sa ikatlong palapag ng gusali sa baseco compound. thank you.,fire
Mga sir Fire po dito malaki na ang apoy Dikit-dikit ang mga bahay dito Please respond,fire
Paki-check po Someone is unconscious in our street We don't know first aid Please send help,medical
"Good evening po, Amoy sunog at may usok sa kabilang bahay dito sa amin. Strong wind is spreading it. Saklolo.",fire
Good morning Makapal na usok galing sa bodega near the creek The smoke is very thick Please respond,fire
Nakatagilid na ang lumang bahay malapit nang gumuho May mga taong naipit Tulong po,structural
"Vomiting and diarrhea, the childen are very weak sa P. Noval. May high blood ang pasyente.",medical
URGENT: Bumagsak ang poste ng kuryente sa kalye along Pedro Gil Delikado sa mga dumadan,structural
HELP! Bmabaha na naman sa kanto ng Dapitan at Blumentritt hindi madaanan Brownout na rin dito Pakitulungan po kami,flood
"Paki-check po, Thick smoke is coming out of a building near Quiapo church. May mga naiwan pa sa loob. Tulong po.",fire
Mga sir We are trapped on the second floor because of the flood Wala namang nasaktan pero hindi kami makaalis Kanina pa po ito,flood
an old woman fainted she needs an ambulance at the corner of recto and rizal avenue wala pa pong dumarating,medical
we are trapped on the second floor because of the flood near the health center. wala nang madaanan. tulong po.,flood
"good morning, nasusunog ang bahay near the basketball court, kumakalat na ang apoy. dikit-dikit ang mga bahay dito. marami pong tao dito.",fire
saklolo! the roof of the covered court collapsed sa port area need help asap,structural
"sunog po sa vito cruz, need ng bumbero. we can hear explosions. thank you.",fire
"URGENT: Nakagat ng aso ang bata, dumudugo ang sugat sa likod ng palengke. Hindi dahil sa baha o sunog.",medical
Attention MDRRMD: May apoy sa ikatlong palapag ng gusali Wala pang bumbero Please send help,fire
"urgent: nagsimula ang sunog sa kusina, mabilis kumalat. light materials ang mga bahay.",fire
"Good morning, Grass fire spreading near the huses near UST. Marami pong tao dito.",fire
urgent: nakaharang ang mga debris sa daan at the crner of recto and rizal avenue. baka bumagsak pa ang iba. send someone please.,structural
Attention MDRRMD: Malalim na ang tubig in Tondo near the market kailangan ng bangka The current is strong Pakitulungan po kami,flood
attention mdrrmd: nahihilo at naninikip ang dibdib ng nanay ko. pakitulungan po kami.,medical
Good evening po Sunog po beside the covered court need ng bumbero People are tying to put it out with buckets Tulong po,fire
Tulong po May bitak ang mga haligi ng gusali baka gumuho May mga bata at matatanda dito,structural
"report lang po: a motorcycle rider is injured, his leg is broken sa tabi ng estero. hindi dahil sa baha o sunog. we have been waiting for an hour.",medical
Saklolo! Blocked ang road dahil sa natumbang puno sa likod ng palengke. Wala namang sugatan.,structural
scaffolding fell from the construction site beside the covered court. salamat po.,structural
"Mga sir, Lumubog ang kalsada, may malaking butas. The road is not passable. Asap po sana.",structural
Attention MDRRMD: May crack ang bridge on Lacson Avenue delikado dumaan May mga taong naipit Saklolo,structural
"May sinkhole sa kalsada sa San Andres Bukid, lumulubog ang aspalto. Nakalaylay pa ang mga kable. Saklolo.",structural
HELP! A billboard fell on the road behind the public school. People are afraid to go back inside.,structural
"Tulong! Hindi na kami makalabas, mataas na ang tubig. Tulong po.",flood
Good morning chest deep na ang baha Wala nang madaanan,flood
Nag-spark ang wire tapos nasunog ang bahay dito sa amin We can hear explosions Send smeone please,fire
Emergency po. Someone was electrocuted and is not responding. Hindi dahil sa baha o sunog. Urgent po.,medical
Emergency po. Umapaw na ang estero. Brownout na rin dito.,flood
Tulong! Blocked ang road dahil sa natumbang puno sa Sta. Ana. Baka bumagsak pa ang iba. Asap po sana.,structural
help po straded kami dahil sa baha di makadaan ang sasakyan at the corner of recto and rizal avenue walang sunog baha lang,flood
"tulong! we cannot evacuate, the road is under water. may mga senior at bata na hindi makalabas. salamat po.",flood
"Pls help. Binabaha kami, hindi makalikas ang pamilya ko sa San Andres Bukid. Brownout na rin dito.",flood
"tulong po. water came in very fast, knee deep inside the house now sa baseco compound. the current is strong. kanina pa po ito.",flood
PLS HELP. DUGUAN ANG ULO NG ISANG MATANDA MATAPOS MADULAS. SHE IS NOT RESPONDING. SAKLOLO.,medical
Attention MDRRMD: Nabagsakan ng billboard ang kalsada sa Port Area. It needs heavy equipment. Salamat po.,structural
Umapaw na ang estero near the barangay hall Wala pa pong dumarating,flood
help po a pregnant woman is in labor and cannot get to the hospital sa likod ng palengke hindi dahil sa baha o sunog tulong po,medical
"Emergency po. Emergency po, inatake sa puso ang kapitbahay. May high blood ang pasyente. Urgent po.",medical
tulong po an electric post is sparking and now burning along quirino avenue dikit-dikit ang mga bahay dito,fire
"May apoy sa stockroom, tuunog ang fire alarm. People are trying to put it out with buckets.",fire
"Emergency po. Fire po dito, malaki na ang apoy. Pls hurry.",fire
Emergency po A man collapsed at the corner of Recto and Rizal Avenue and is not breathing We don't know first aid,medical
tulong po flood water is rising fast along taft avenue wala namang nasaktan pero hindi kami makaalis salamat po,flood
we are trapped on the second floor because of the flood. the current is strong. marami pong tao dito.,flood
Flash flood behind the public school,flood
HELP! An old house is leaning and about to fall sa likod ng palengke May mga taong naipit Please respond,structural
Good evening po Sira ang pader ng bilding baka gumuho in our street It needs heavy equipment Thank you,structural
tulong po an old house is leaning and about to fall may mga taong naipit urgent po,structural
"Saklolo! May apoy sa stockroom, tumunog ang fire alarm. Dikit-dikit ang mga bahay dito.",fire
Pls help The road caved in there is a big sinkhole sa kanto ng Dapitan at Blumentritt Nakalaylay pa ang mga kable Kailangan namin ng rescue,structural
Nabagsakan ng billboard ang kalsada. People are afraid to go back inside. Marami pong tao dito.,structural
Good morning An electric post is sparking and now burning sa likod ng palengke People are trying to put it out with buckets Kailangan namin ng rescue,fire
"HELP! Binabaha kami, hindi makalikas ang pamilya ko behind the public school. Brownout na rin dito. Urgent po.",flood
Help po May crack ang bridge sa Pandacan delikado dumaan We have been waiting for an hour,structural
Rising pa rin ang tubig on Lacson Avenue trapped ang mga tao sa second floor The current is strong Salamat po,flood
HELP! Burning smell and black smoke from the transformer in our street Dikit-dikit ang mga bahay dito,fire
Help po The water is already neck deep May mga senior at bata na hindi makalabas Marami pong tao dito,flood
"Tulong! Flooding behind the public school, vehicles can't pass. Send someone please.",flood
"Good evening po, Kitchen fire, the LPG tank might explode near Quiapo church. Marami pong tao dito.",fire
"Emergency po. The road caved in, there is a big sinkhole near the basketball court. Nakalaylay pa ang mga kable. Urgent po.",structural
Walang malay ang isang lalaki sa P Noval Kilangan namin ng rescue,medical
"mga sir, nabagsakan ng billboard ang kalsada in our street. wala namang sugatan.",structural
Report lang po: There is a fire sa Legarda malapit sa LRT. Wala pang bumbero.,fire
"Grabe ang baha , hanggang dibdib na. May mga senior at bata na hindi makalabas.",flood
"Good evening po, Hiihika ang anak ko, nahihirapang huminga. May high blood ang pasyente. Asap po sana.",medical
Good evening po May apoy sa ikatlong palapag ng gusali People are trying to put it out with buckets,fire
"Our street is flooded, chest high water. Wala namang nasaktan pero hindi kami makaalis. Thank you.",flood
Attention MDRRMD: Bumagsak ang scaffolding sa construction site The road is not passable,structural
"mga sir, nag-overflow ang creek behind the public school, lubog na ang kalsada. wala pa pong dumarating.",flood
"Good morning, Diabetic patient is shaking and confused, needs a medic. Please respond.",medical
tulong! malalim na ang tubig kailangan ng bangka brownout na rin dito,flood
"paki-check po, nabalian ng binti ang rider. walang sasakan papunta sa ospital. kailangan namin ng rescue.",medical
"Good evening po, The river is overflowing in front of the elementary school. No electricity here. May mga bata at matatanda dito.",flood
"Tulong! Flooded na po near the barangay hall, need rescue boat. May mga senior at bata na hindi makalabas. Marami pong tao dito.",flood
"Good morning, Diabetic patient is shaking and confused, needs a medic dito sa amin. Kanina pa po ito.",medical
"Saklolo! Strong current of flood water, people are stranded near Quiapo church. Brownout na rin dito. We have been waiting for an hour.",flood
"good morning, na-trap kami sa bubong dahil sa baha sa sta. mesa malapit sa riles. may mga senior at bata na hindi makalabas. kailangan namin ng rescue.",flood
Emergency po. Tinutupok ng apoy ang mga barong-barong. We can hear explosions. Kanina pa po ito.,fire
"A moorcycle rider is injured, his leg is broken.",medical
Report lang po: Umuusok ang kable ng kuryente at nag-aapoy na. Marami pong tao dito.,fire
a man is bleeding badly from a head wound in front of the elementary school maina na ang pulso marami pong tao dito,medical
"SAKLOLO! LUMUBOG ANG KALSADA, MAY MALAKING BUTAS SA TAPAT NG SIMBAHAN. MAY MGA TAONG NAIPIT. PLEASE SEND HELP.",structural
ang kapal ng usok may nasusunog na building send someone please,fire
Pls help. Nasusunog ang palengke sa eskinita namin.,fire
tulong! gumuho ang lupa at mga bato sa eskinita. delikado sa mga dumadaan. thank you.,structural
sira ang pader ng building baka gumuho nakalaylay pa ang mga kable may mga bata at matatanda dito,structural
"Paki-check po, Sumabog ang tangke ng LPG, nasusunog na ang kusina sa Malate. Kumakalat na sa katabing bahay. Pls hurry.",fire
Report lang po: Natumba ang malaking puno sa bahay sa kanto ng Dapitan at Blumentritt. Baka bumagsak pa ang iba.,structural
saklolo! the fire is getting bigger and no fire truck yet. dikit-dikit ang mga bahay dito.,fire
Attention MDRRMD: There is a fire sa Pandacan. Strong wind is spreading it. Tulong po.,fire
"Good evening po, Rising pa rin ang tubig sa San Andres Bukid, trapped ang mga tao sa second floor. The water is still rising.",flood
Report lang po: Lubog na sa baha ang mga bahay sa Malate Walang sunog baha lang,flood
"smoke and flames on the third floor of the building along pedro gil. hindi naman baha dito, sunog talaga. we have been waiting for an hour.",fire
Saklolo! There is a fire sa likod ng palengke We can hear explosions Saklolo,fire
emergency po kinukumbulsyon ang bata mataas ang lagnat we don't know first aid pakitulungan po kami,medical
pls help. grass fire spreading near the houses sa kanto ng dapitan at blumentritt. dikit-dikit ang mga bahay dito. please respond.,fire
URGENT: A tree fell and is blocking the road sa Barangay 105 Tondo. Baka bumagsak pa ang iba. Marami pong tao dito.,structural
PLS HELP A BOY WAS BITTEN BY A DOG AND IS BLEEDING SA BASECO COMPOUND MAY HIGH BLOOD ANG PASYENTE WE HAVE BEEN WAITING FOR AN HOUR,medical
"a person is having a stroke, half of the face is drooping. he is about 60 years old. kanina pa po ito.",medical
"help! hindi na kami makalabas, mataas na ang tubig sa sta. ana. walang sunog, baha lang. kailngan namin ng rescue.",flood
"inaatake sa puso ang tatay ko, masakit ang dibdib niya. pls hurry.",medical
We are trapped on the second floor because of the flood. Wala nang madaanan.,flood
paki-check po nag-spark ang wire tapos nasunog ang bahay we can hear explosions pakibilisan po,fire
Emergency po. A jeepney caught fire sa tabi ng estero.,fire
"good morning, an old woman fainted, she needs an ambulance. he is about 60 years old. we have been witing for an hour.",medical
"report lang po: sobrang taas na ng baha, hindi makalikas ang mga residente. brownout na rin dito. salamat po.",flood
Tulong po. Gumuho ang lupa at mga bato sa eskinita near the creek. No one is hurt so far. Please respond.,structural
"May seizure ang anak ko, need medic sa tabi ng estero. Pakbilisan po.",medical
Tulong po. May nasusunog na sasakyan sa Sta. Ana. May mga naiwan pa sa loob.,fire
bumagsak ang scaffolding sa construction site. it needs heavy equipment.,structural
"report lang po: the river is overflowing here in sampaloc. walang sunog, baha lang. kailangan namin ng rescue.",flood
"Good morning, Part of the building collapsed, people may be under the rubble. Baka bumagsak pa ang iba. Marami pong tao dito.",structural
Emergency po Blocked ang road dahil sa natumbng puno behind the public school We have been waiting for an hour,structural
Nabagsakan ng billboard ang kalsada sa Sta. Ana. Nakalaylay pa ang mga kable. Asap po sana.,structural
A man is bleeding badly from a head wound sa Port Area. He lost a lot of blood. Pakibilisan po.,medical
urgent: baha na sa sta mesa malapit sa riles hanggang leeg na ang tubig the current is strong wala pa pong dumarating,flood
"Attention MDRRMD: Tumatas ang tubig sa Legarda malapit sa LRT. Walang sunog, baha lang. Tulong po.",flood
"Report lang po: Unconscious ang lola ko, pakidala ng ambulansya. May high blood ang pasyente.",medical
"Sunog po sa ilalim ng tulay, need ng bumbero. The smoke is very thick. Please send help.",fire
"Attention MDRRMD: Lumubog ang kalsada, may maaking butas in our street. Nakalaylay pa ang mga kable. We have been waiting for an hour.",structural
help! malaking sunog maraming bahay ang natutupok sa barangay 105 tondo wala pang bumbero tulong po,fire
"Nakuryente ang isang lalaki, hindi na gumagalaw. May diabetes siya. Thank you.",medical
"pls help. houses are submerged near quiapo church. walang sunog, baha lang. please respond.",flood
"Pls help. Fire po dito, malai na ang apoy. Hindi naman baha dito, sunog talaga. Thank you.",fire
URGENT: The roof of the covred court collapsed. Pakibilisan po.,structural
"Good morning, Inaanod na ang mga gamit, malakas ang agos ng tubig. Brownout na rin dito. Send someone please.",flood
"Good morning, Houses are submerged sa Paco market. The water is still rising. Pakibilisan po.",flood
mga sir baha na sa kanto ng dapitan at blumentritt hanggang tuhod na ang tubig,flood
"Help po. Nagsimula ang sunog sa kusina, mailis kumalat. Wala pang bumbero. Salamat po.",fire
"Pls help. Nagsusuka at nagtatae ang mga bata, nanghihina na. May high blood ang pasyente. Asap po sana.",medical
saklolo! may nahimatay hindi na humihinga he is about 60 years old pls hurry,medical
pls help nagsimula ang sunog sa kusina mabilis kumalat,fire
"Tulong! The road caved in, there is a big sinkhole sa tapat ng simbahan. Walang sunog at waang baha. Pls hurry.",structural
there is a fire along taft avenue. we can hear explosions. kanina pa po ito.,fire
"tulong po. debris is blocking the road sa malate, vehicles can't pass. it needs heavy equipment.",structural
NA-TRAP KAMI SA BUBONG DAHIL SA BAHA. OUR THINGS ARE FLOATING.,flood
Repot lang po: May sunog. Wala pang nasaktan. Kailangan namin ng rescue.,fire
Soil and rocks slid down and covered the alley sa Pandacan. Delikado sa mga dumadaan. Please respond.,structural
Pls help I can see flames from the roof of the store Hindi naman baha dito sunog talaga Urgent po,fire
Need ambulance po may nag-collapse sa ilalim ng tulay Mahina na ang pulso Please respond,medical
PLS HELP THE RIVER IS OVERFLOWING SA BINONO NO ELECTRICITY HERE TULONG PO,flood
Emergency po Natumbang poste nakaharang sa daan hindi makadaan ang mga sasakyan People are afraid to go back inside,structural
"tulong! we cannot evacuate, the road is under water. walang sunog, baha lang. send someone please.",flood
"pls help. sunog po sa sta. ana, need ng bumbero. dikit-dikit ang mga bahay dito. urgent po.",fire
"Tulong po. A motorcycle rider is injured, his leg is broken. May diabetes siya. Please send help.",medical
"Pls help. Part of the building collapsed, people may be under the rubble. The road is not passable. Pls hurry.",structural
Water came in very fast ankle deep inside the house now Pakbilisan po,flood
Smoke and flames on the third floor of the building dito sa Barangay 412. May mga bata at matatanda dito.,fire
"HELP! May bitak ang mga haligi ng gusali, baka gumuho sa kanto ng Dapitan at Blumentritt. Baka bumagsak pa ang iba. Kanina pa po ito.",structural
GOOD EVENING PO A FIRE BROKE OUT IN THE MARKET HERE IN SAMPALOC DIKIT-DIKIT ANG MGA BAHAY DITO,fire
"Flooding sa kanto ng Dapitan at Blumentritt, vehicles can't pass. Wala namang nasaktan pero hindi kami makaalis. Marami pong tao dito.",flood
a pregnant woman is in labor and cannot get to the hospital sa paco market. she is not responding.,medical
Tulong! Nanganganak na ang buntis kailangan ng ambulansya near UST Hindi dahil sa baha o sunog Pls hurry,medical
tulong po the road caved in there is a big sinkhole sa likod ng palengke nakalaylay pa ang mga kable tulong po,structural
Tulong! A warehouse is burning sa Barangay 105 Tondo. Light materials ang mga bahay.,fire
Tulong! Bumagsak ang bakod na semento sa mga nakaparadang sasakyan. Nakalaylay pa ang mga kable.,structural
"Good morning, Bumabaha na naman behid the public school, hindi madaanan. Brownout na rin dito. Asap po sana.",flood
"Help po. Ang kapal ng usok sa Port Area, may nasusunog na building. We can hear explosions. Urgent po.",fire
URGENT: Lumubog ang kalsada may malaking butas near the creek Walang sunog at walang baha Wala pa pong dumarating,structural
"Good evening po, Bumagsak ang bahagi ng gusali, may natabunan. May mga taong naipit.",structural
bumagak ang poste ng kuryente sa kalye. no one is hurt so far. asap po sana.,structural
We are trapped on the second floor because of the flood. Our things are floating. Need help asap.,flood
Sira ang tulay sa Paco market delikadong daanan Baka bumagsak pa ang iba,structural
"Paki-check po, There is a fire dito sa amin. Wala pang bumbero. Pakitulungan po kami.",fire
Tulong po. Hanggang sakong na ang baha sa Legarda malapit sa LRT.,flood
tulong! a wall collapsed sa san andres bukid. no one is hurt so far. pakitulungan po kami.,structural
"Paki-check po, Bumabaha na naman sa eskinita namin, hindi madaanan. Walang sunog, baha lang.",flood
"paki-check po, a person is having a stroke, half of the face is drooping sa paco market. he is about 60 years old. pls hurry.",medical
"Mga sir, There is a big crack on the bridge sa Sta. Ana. May mga taong naipit. Pakibilisan po.",structural
Tulong! Amoy sunog at may usok sa kabilang bahay. We can hear explosions.,fire
"mga sir, cracks on the walls and posts of the building, it may collapse. baka bumagsak pa ang iba. kailangan namin ng rescue.",structural
"Pls help. May bitak ang mga haligi ng gusali, baka gumuho. Walang sunog at walang baha.",structural
Someone was electrocuted and is not responding Walang sasakyan papunta sa ospital Kanina pa po ito,medical
URGENT: A fire broke out in the market near the creek. Dikit-dikit ang mga bahay dito. Urgent po.,fire
emergency po. a family is stuck on the roof and the flood keeps rising. pls hurry.,flood
"A house is on fire sa may España Blvd, the flames are spreading to the next houses. Hindi naman baha dito, sunog talaga. We have been waiting for an hour.",fire
attention mdrrmd: flood water is risig fast in our street. hindi na abot ng sasakyan.,flood
"Saklolo! Baha po dito, pumasok na ang water sa bahay namin. Send somene please.",flood
"hanggag leeg na ang baha near the creek. walang sunog, baha lang. wala pa pong dumarating.",flood
Emergency po. Thick smoke is coming out of a building sa San Andres Bukid. The smoke is very thick. Thank you.,fire
TULONG PO SIRA ANG PADER NG BUILDING BAKA GUMUHO AT THE CORNER OF RECTO AND RIZAL AVENUE THE ROAD IS NOT PASSABLE,structural
Attention MDRRMD: Nabagsakan ng billboard ang kalsada. People are afraid to go back inside. Thank you.,structural
saklolo! a wall collapsed in our street. the road is not passable. may mga bata at matatanda dito.,structural
"Kinukumbulsyon ang bata, mataas ang lagnat sa Legarda malapit sa LRT. Need help asap.",medical
Good evening po May apoy sa stockroom tumunog ang fire alarm May mga naiwan pa sa loob Please respond,fire
Saklolo! Itim na usok at apoy galing sa bubong ng tindahan sa ilalm ng tulay. Dikit-dikit ang mga bahay dito. Thank you.,fire
"Good morning, Nasusunog ang bahay sa Barangay 105 Tondo, kumakalat na ang apoy.",fire
a jeepney caught fire dito sa amin. kumakalat na sa katabing bahay. salamat po.,fire
"Paki-check po, Baha po dito, pumasok na ang water sa bahay namin sa may España Blvd. The current is strong. Asap po sana.",flood
Tulong! Sunog po sa Legarda malapit sa LRT need ng bumbero Need help asap,fire
"mga sir, an old woman fainted, she needs an ambulance. mahina na ang pulso. tulong po.",medical
Na-trap kami sa bubong dahil sa baha. The current is strong. Need help asap.,flood
Attenton MDRRMD: Itim na usok at apoy galing sa bubong ng tindahan Tulong po,fire
Mga sir A man collapsed near the health center and is not breathing Nangingitim na ang labi niya Send someone please,medical
"report lang po: grabe ang baha sa likod ng palengke, hanggang dibdib na. the water is still rising. we have been waiting for an hour.",flood
Emergency po. I can see flames from the roof of the store. Kumakalat na sa katabing bahay. Pakitulungan po kami.,fire
"May nahimatay in our street, hindi na humihinga. He lost a lot of blood. Pls hurry.",medical
"Help po. Lumalaki ang apoy, wala pang bumbero sa Sta. Mesa malapit sa riles. We can hear explosions. Pls hurry.",fire
"Attention MDRRMD: Part of the building collapsed, people may be under the rubble. Wala namang sugatan.",structural
Good morning Flooding sa kanto ng Dapitan at Blumentritt vehicles can't pass Wala namang nasaktan pero hindi kami makaalis Asap po sana,flood
Attention MDRRMD: Dumudugo nang malakas ang sugat niya need first aid She is not responding Kailangan namin ng rescue,medical
Pumapasok na ang tubig baha sa loob ng bahay Wala nang madaanan Send someone please,flood
Nabagsakan ng billboard ang kalsada in Tondo near the market It needs heavy equipment We have been waiting for an hour,structural
GOOD MORNING SIRA ANG TULAY IN FRONT OF THE ELEMENTARY SCHOOL DELIKADONG DAANAN,structural
Saklolo! A man collased and is not breathing. We don't know first aid.,medical
"URGENT: Flooding at the corner of Recto and Rizal Avenue, vehicles can't pass. The current is strong. Asap po sana.",flood
report lang po: an elderly man fell down the stairs and cannot move near the barangay hall nangingitim na ang labi niya saklolo,medical
"good morning, nasusunog ang bahay sa baseco compound, kumakalat na ang apoy.",fire
"Good evening po, Nanganganak na ang buntis, kailangan ng ambulansya. May mga bata at matatanda dito.",medical
Flash flood in front of the elementary school. The water is still rising. May mga bata at matatanda dito.,flood
"strong current of flood water, people are stranded sa looban ng sampaloc. kanina pa po ito.",flood
"attention mdrrmd: nag-overflow ang creek along taft avenue, lubog na ang kalsada. pls hurry.",flood
"Emergency po. Dumudugo nang malakas ang sugat niya, need first aid. Wala pa pong dumarating.",medical
Umuusok ang kable ng kuryente at nag-aapoy na Dikit-dikit ang mga bahay dito Send someone please,fire
attention mdrrmd: bumigay ang bubong ng covered court sa malate. may mga taong naipit.,structural
Nakaharang ang mga dbris sa daan here in Sampaloc. It needs heavy equipment. Pakitulungan po kami.,structural
URGENT: Umaapaw ang ilog at lumulubog na ang kalsada in front of the elementary school Pls hurry,flood
tulong! the water is already chest deep sa malate brownout na rin dito saklolo,flood
"sumabog ang tangke ng lpg, nasusunog na ang kusina. hindi naman baha dito, sunog talaga. we have been waiting for an hour.",fire
"nakuryente ang isang lalaki, hindi na gumagalaw. she is not responding. wala pa pong dumarating.",medical
Scaffolding fell from the construction site near the health center. Tulong po.,structural
nagsimula ang sunog sa kusina mabilis kumalat sa paco market kumakalat na sa katabing bahay asap po sana,fire
urgent: thick smoke is coming out of a building. wala pang bumbero.,fire
Good morning Asthma attack she can hardly breathe sa P Noval Asap po sana,medical
Saklolo! Umaapaw ang ilog at lumulubog na ang kalsada.,flood
"Emergency po. A person is hving a stroke, half of the face is drooping sa Sta. Mesa malapit sa riles. May mga bata at matatanda dito.",medical
Attention MDRRMD: Someone is unconscious Nangingitim na ang labi niya Pakibilisan po,medical
"pls help. an old woman fainted, she needs an ambulance. may diaetes siya.",medical
"Attention MDRRMD: Sumabog ang transformer sa kanto ng Dapitan at Blumentritt tapos nagka-sunog. Hindi naman baha dito, sunog talaga. Thank you.",fire
"URGENT: Big fire, several houses are burning beside the covered court.",fire
"Paki-check po, A house is on fire here in Sampaloc, the flames are spreading to the next houses. Kumakalat na sa katabing bahay. Pakibilisan po.",fire
"ang kapal ng usok sa p. noval, may nasusunog na building. we have been waiting for an hour.",fire
"tulong! ang kapal ng usok sa p. noval, may nasusunog na building. kumakalt na sa katabing bahay.",fire
Tulong po May nahimatay sa likod ng palengke hindi na humihinga He is about 60 years old Kailangan namin ng rescue,medical
Burning smell and black smoke from the transformer near the basketball court. Strong wind is spreading it. Saklolo.,fire
Rising pa rin ang tubig at the corner of Recto and Rizal Avenue trapped ang mga tao sa second floor Marami pong tao dito,flood
"Help po. Sira ang tulay near UST, delikadong daanan. It needs heavy equipment.",structural
"Help po. Big fire, several houses are burning sa Malate. Wala pang nasaktan. Saklolo.",fire
Nakuryente ang isang lalaki hindi na gumagalaw He lost a lot of blood We have been waiting for an hour,medical
Tulong! Vomiting and diarrhea the children are very weak here in Sampaloc Hindi dahil sa baha o sunog Pls hurry,medical
May nasusunog na sasakyan sa Barangay 105 Tondo,fire
"Paki-check po, Smoke and flames on the third floor of the building. Wala pang nasaktan. Marami pong tao dito.",fire
Pls help Stranded kami dahil sa baha di makadaan ang sasakyan near the barangay hall May mga senior at bata na hindi makalabas Need help asap,flood
"Pls help. Nasusunog ang bahay sa Sta. Ana, kumakalat na ang apoy. Kumakalat na sa katabing bahay.",fire
sira ang tulay delikadong daanan it needs heavy equipment urgent po,structural
Report lang po: Natumba ang puno at nakaharang sa kalsada.,structural
HELP! Lubog na sa baha ang mga bahay. Hindi na abot ng sasakyan. Urgent po.,flood
attentin mdrrmd: flash flood sa barangay 105 tondo walang sunog baha lang need help asap,flood
Report lang po: The roof of the covered court collapsed sa Vito Cruz Delikado sa mga dumadaan Tulong po,structural
HELP! Scaffolding fell from the construction site. Marami pong tao dito.,structural
"Report lang po: Nakuryente ang isang lalaki, hindi na gumagalaw. Namumutla at pinagpapawisan. Pls hurry.",medical
"URGENT: Nasusunog ang bahay sa Legarda malapit sa LRT, kumakalat na ang apoy. People are trying to put it out with buckets. Kanina pa po ito.",fire
Pls help Nasusunog ang warehouse sa tabi ng estero sobrang itim ng smoke The smoke is very thick Need help asap,fire
sira ang tulay along pedro gil delikadong daanan people are afraid to go back inside asap po sana,structural
Grass fire spreading near the houses sa Baeco compound. May mga naiwan pa sa loob. Please send help.,fire
"paki-check po, bumabaha na naman along taft avenue, hindi madaanan. our things are floating. pakibilisan po.",flood
Umaapaw ang ilog at lumulubog na ang kalsada near the health center. Send someone please.,flood
tulong! natumba ang malaking puno sa bahay near the creek it needs heavy equipment marami pong tao dito,structural
"Nasusunog ang warehouse , sobrang itim ng smoke. Light materials ang mga bahay. Pakibilisan po.",fire
Pls help May apoy sa ikatlong palapag ng gusali May mga naiwan pa sa loob,fire
lampas tao na ang baha. brownout na rin dito. please send help.,flood
"Good evening po, Walang malay ang isang lalaki sa Barangay 105 Tondo. He lost a lot of blood. Send someone please.",medical
There is a fire. Dikit-dikit ang mga bahay dito.,fire
DUMUDUGO NANG MALAKAS ANG SUGAT NIYA NEED FIRST AID SA SAN ANDRES BUKID THANK YOU,medical
"Mga sir, May seizure ang anak ko, need medic near the barangay hall. He lost a lot of blood. Wala pa pong dumarating.",medical
HELP! May apoy sa ikatlong palapag ng gusali. Kumakalat na sa katabing bahay. Pakitulungan po kami.,fire
Report lang po: Hindi na kami makalabas mataas na ang tubig sa Legarda malapit sa LRT May mga senior at bata na hindi makalabas Wala pa pong dumarating,flood
"need ambulance po, may nag-collapse sa vito cruz. she is not responding. wala pa pong dumarating.",medical
Flooding sa Vito Cruz vehicles can't pass The current is strong,flood
Tulong po Debris is blocking the road sa Baseco compound vehicles can't pass Baka bumagsak pa ang iba Kanina pa po ito,structural
urgent: a man is bleeding badly from a head wound. he is about 60 years old. kailangn namin ng rescue.,medical
report lang po: scaffolding fell from the cnstruction site near quiapo church. please respond.,structural
attention mdrrmd: nagsusuka at nagtatae ang mga bata nanghihina na we have been waiting for an hour,medical
"May apoy sa stockroom, tumunog ang fire alarm sa Sta. Mesa malapit sa riles. Wala pang bumbero. Pls hurry.",fire
"Emergency po, inatake sa puso ang kapitbahay sa Vito Cruz. Walang sasakyan papunta sa ospital. Asap po sana.",medical
Someone was electrocuted and is not responding May diabetes siya Salamat po,medical
Nakatagilid na ang lumang bahay malapit nang gumuho Wala namang sugatan Wala pa pong dumarating,structural
"Mga sir, Natumbang poste nakahrang sa daan, hindi makadaan ang mga sasakyan. It needs heavy equipment. Salamat po.",structural
Tulong! Bumagsak ang poste ng kuryente sa kalye here in Sampaloc. People are afraid to go back inside. Marami pong tao dito.,structural
help! may malaking bitak ang tulay dito sa amin delikado sa mga dumadaan pakitulungan po kami,structural
"MGA SIR, A PERSON IS HAVING A STROKE, HALF OF THE FACE IS DROOPING. THANK YOU.",medical
Saklolo! Someone is unconscious sa Malate. Namumutla at pinagpapawisan. Please send help.,medical
need ambulance po may nag-collapse sa san andres bukid namumutla at pinagpapawisan,medical
"attention mdrrmd: asthma attack, she can hardly breathe. pakitulungan po kami.",medical
"mga sir, grabe ang baha , hanggang sakong na.",flood
"Mga sir, Grabe ang baha dito sa Barangay 412, hanggang leeg na. No electricity here. Please send help.",flood
tuong po a billboard fell on the road people are afraid to go back inside we have been waiting for an hour,structural
Burning smell and black smoke from the transformer sa Malate. Please respond.,fire
there is a fire sa port area.,fire
HELP! Grass fire spreading near the houses along Quirino Avenue Send someone please,fire
May fire sa kapitbahay kumakalat na ang apoy sa eskinita namin Wala pang bumbero We have been waiting for an hour,fire
emergency po. amoy sunog at may usok sa kabilang bahay. light materials ang mga bahay. tulong po.,fire
"sunog po sa baangay 105 tondo, need ng bumbero. strong wind is spreading it. kanina pa po ito.",fire
Tulong! Scaffolding fell from the construction site sa Binondo It needs heavy equipment,structural
tulong! na-stroke ang lola ko hindi maigalaw ang kalahati ng katawan tulong po,medical
Tulong po Diabetic patient is shaking and confused needs a medic May high blood ang pasyente Pls hurry,medical
Umapaw na ang estero along Quirino Avenue. May mga senior at bata na hindi makalabas. Pakitulungan po kami.,flood
Pls help A wareouse is burning near the creek Wala pang bumbero Asap po sana,fire
URGENT: A motorcycle rider is injured his leg is broken He lost a lot of blood Saklolo,medical
Saklolo! Burning smell and black smoke from the transformer sa Port Area Wala pang bumbero Salamat po,fire
Good evening po Heavy rain since morning and the water level keeps going up in Tondo near the market Wala naang nasaktan pero hindi kami makaalis Urgent po,flood
"Binabaha kami, hindi makalikas ang pamilya ko. May mga senior at bata na hindi makalabas. Please send help.",flood
"tulong po. grabe ang baha sa san andres bukid, hanggang dibdib na. walang sunog, baha lang. kailangan namin ng rescue.",flood
"Mga sir, Vomiting and diarrhea, the children are very weak. May high blood ang pasyente. Kanina pa po ito.",medical
"good morning, nakaharang ang mga debris sa daan sa legarda malapit sa lrt. please respond.",structural
Gumuho ang pader sa Baseco compound No one is hurt so far Need help asap,structural
THE FOOTBRIDGE IS DAAGED AND SHAKING DITO SA AMIN. WALANG SUNOG AT WALANG BAHA. PLEASE SEND HELP.,structural
Someone was electrocuted and is not responding sa Baseco compound. She is not responding.,medical
"Paki-check po, Burning smell and black smoke from the transformer near the basketball court. May mga naiwan pa sa loob.",fire
"HELP! May seizure ang anak ko, need medic. He is about 60 years old.",medical
"may apoy sa stockroom, tumunog ang fire alarm. dikit-dikit ang mga bahay dito. thank you.",fire
"TULONG PO. BUMAGSAK ANG BAHAGI NG GUSALI, MAY NATABUNAN. SEND SOMEONE PLEASE.",structural
"Help po. Nag-overflow ang creek sa tabi ng estero, lubog na ang kalsada. The water is still rising. Marami pong tao dito.",flood
Emergency po Need ambulance po may nag-collapse sa tabi ng estero He lost a lot of blood,medical
Saklolo! Someone was electrocuted and is not responding on Lacson Avenue. We don't know first aid. Saklolo.,medical
"emergency po. debris is blocking the road sa baseco compound, vehicles can't pass. the road is not passable. we have been waiting for an hour.",structural
Nagsimula ang sunog sa kusina mabilis kumalat Kumakalat na sa katabing bahay Kailangan namin ng rescue,fire
Report lang po: The footbridge is damaged and shaking. Baka bumagsak pa ang iba. Kailangan namin ng rescue.,structural
"DEBRIS IS BLOCKING THE ROAD NEAR UST, VEHICLES CAN'T PASS. HINDI MAKADAAN ANG MGA SASAKYAN. PLS HURRY.",structural
"nasusunog ang warehouse sa barangay 105 tondo, sobrang itim ng smoke. wala pang nasaktan. saklolo.",fire
Tulong! A jeepney caught fire sa Port Area. Light materials ang mga bahay. Urgent po.,fire
Attention MDRRMD: A child has a very high fever and is having a seizure. He is about 60 years old. Please send help.,medical
"emergency po. natumbang poste nakaharang sa daan, hindi makadaan ang mga sasakyan. the road is not passable. tulong po.",structural
TULONG PO MAKAPAL NA USOK GALING SA BODEGA BEHIND THE PUBLIC SCHOOL LIGHT MATERIALS ANG MGA BAHAY TULONG PO,fire
Mga sir Sumabog ang transformer on Lacson Avenue tapos nagka-sunog May mga naiwan pa sa loob Kailangan namin ng rescue,fire
Makapal na usok galing sa bodega sa San Andres Bukid Hindi naman baha dito sunog talaga Wala pa pong dumarating,fire
attention mdrrmd: a man collapsed and is not breathing. hindi dahil sa baha o sunog. may mga bata at matatanda dito.,medical
"Attention MDRRMD: Nag-collapse ang wall sa Vito Cruz, may na-trap sa ilalim. Hindi makadaan ang mga sasakyan. We have been waiting for an hour.",structural
"binabaha kami, hindi makalikas ang pamilya ko on lacson avenue. wala namang nasaktan pero hindi kami makaalis. pakibilisan po.",flood
help po umaapaw ang ilog at lumulubog na ang kalsada please respond,flood
Attention MDRRMD: An old house is leaning and about to fall sa likod ng palengke Walang sunog at walang baha,structural
Umuusok ang kable ng kuryente at nag-aapoy na. Wala pang nasaktan. Asap po sana.,fire
Tulong! May seizre ang anak ko need medic May high blood ang pasyente Need help asap,medical
Houses are submerged dito sa Barangay 412. Our things are floating.,flood
HELP! Someone was electrocuted and is not responding. He lost a lot of blood. Pakibilisan po.,medical
Help po. Lubog na sa baha ang mga bahay sa Vito Cruz. Hindi na abot ng sasakyan. Pls hurry.,flood
Nasusunog ang palengke Hindi naman baha dito sunog talaga Kailangan namin ng rescue,fire
Report lang po: I can see flames from the roof of the store here in Sampaloc. Strong wind is spreading it. Need help asap.,fire
"URGENT: Hindi na kami makalabas, mataas na ang tubig. Our things are floating. Please send help.",flood
good morning a billboard fell on the road along taft avenue marami pong tao dito,structural
"Ang kapal ng usok here in Sampaloc, may nasusunog na building. May mga naiwan pa sa loob.",fire
"Mabilis tumaas ang tubig, nasa ikalawang palapag na kami. The current is strong. Marami pong tao dito.",flood
"Good morning, Na-stroke ang lola ko, hindi maigalaw ang kalahati ng katawan. Mahina na ang pulso.",medical
URGENT: Umapaw na ang estero Malakas pa rin ang ulan Marami pong tao dito,flood
"pls help. nagsusuka at nagtatae ang mga bata, nanghihina na. asap po sana.",medical
"kitcen fire, the lpg tank might explode sa binondo. the smoke is very thick. may mga bata at matatanda dito.",fire
help! smoke and flames on the third floor of the building pakitulungan po kami,fire
"URGENT: Sunog po sa Paco market, need ng bumbero. May mga naiwan pa sa loob.",fire
Attention MDRRMD: A tree fell and is blocking the road It needs heavy equipment Send someone please,structural
"grabe ang baha along pedro gil, hanggang leeg na. walang sunog, baha lang. send someone please.",flood
"Attention MDRRMD: Water came in very fast, ankle deep inside the house now. Brownout na rin dito. Pls hurry.",flood
"Lumubog ang kalsada, may malaking butas along Quirino Avenue. It needs heavy equipment. Tulong po.",structural
"Pls help. Unconscious ang lola ko, pakidala ng ambulansya sa looban ng Sampaloc. Walang sasakyan papunta sa ospital.",medical
help po nagsusuka at nagtatae ang mga bata nanghihina na may diabetes siya we have been waiting for an hour,medical
Hanggang bewang na ang baha along Quirino Avenue The current is strong Pakibilisan po,flood
"Paki-check po, I can see flames from the roof of the store in Tondo near the market.",fire
HELP! Bumabaha na naman in Tondo near the market hindi madaanan Our things are floating May mga bata at matatanda dito,flood
an old woman fainted she needs an ambulance may high blood ang pasyente thank you,medical
"URGENT: Thick smoke is coming out of a building here in Sampaloc. Hindi naman baha dito, sunog talaga. Please send help.",fire
"May fire sa kapitbahay, kumakalat na ang apoy. People are trying to put it out with buckets.",fire
the water is already knee deep dito sa barangay 412. urgent po.,flood
"HELP! Grabe ang baha sa Port Area, hanggang dibdib na. Brownout na rin dito. Pls hurry.",flood
"Report lang po: Nasusunog ang warehouse here in Sampaloc, sobrang itim ng smoke. Dikit-dikit ang mga bahay dito. Urgent po.",fire
"Mga sir, A tree fell and is blocking the road sa eskinita namin. People are afraid to go back inside. Please respond.",structural
"Good evening po, Bumagsak ang bakod na semento sa mga nakaparadang sasakyan. Baka bumagsak pa ang iba. Kailangan namin ng rescue.",structural
"pls help. sumabog ang tangke ng lpg, nasusunog na ang kusina. people are trying to put it out with buckets. thank you.",fire
Pls help. A pregnant woman is in labor and cannot get to the hospital. May high blood ang pasyente. Urgent po.,medical
Report lang po: A child has a very high fever and is having a seizure. Hindi dahil sa baha o sunog. Saklolo.,medical
"paki-check po, soil and rocks slid down and covered the alley. it needs heavy equipment.",structural
HELP! Pumapasok na ang tubig baha sa loob ng bahay. Asap po sana.,flood
Attention MDRRMD: The creek overflowed and water is entering the houses in our street. The water is still rising. Please respond.,flood
Nasusunog ang bahay in front of the elementary school kumakalat na ang apoy Wala pang bumbero Kailangan namin ng rescue,fire
"help po. the road caved in, there is a big sinkhole sa ilalim ng tulay. it needs heavy equipment. kailangan namin ng rescue.",structural
"MAY CRACK ANG BRIDGE NEAR THE HEALTH CENTER, DELIKADO DUMAAN. HINDI MAKADAAN ANG MGA SASAKYAN. NEED HELP ASAP.",structural
Attention MDRRMD: Burning smell and black smoke from the transformer sa Sta. Ana. Please send help.,fire
part of the building collapsed people may be under the rubble asap po sana,structural
Smoke and flames on the third floor of the building. We can hear explosions.,fire
malking sunog maraming bahay ang natutupok sa baseco compound we can hear explosions pakitulungan po kami,fire
"Hinihika ang anak ko, nahihirapang huminga behind the public school. Mahina na ang pulso. Need help asap.",medical
Bumigay ang bubong ng covered court Delikado sa mga dumadaan May mga bata at matatanda dito,structural
"good evening po, may sinkhole sa kalsada along quirino avenue, lumulubog ang aspalto. wala namang sugatan. tulong po.",structural
"good evening po, soil and rocks slid down and covered the alley in our street. wala pa pong dumarating.",structural
malalim na ang tubig sa paco market kailangan ng bangka hindi na abot ng sasakyan salamat po,flood
"report lang po: unconscious ang lola ko, pakidala ng ambulansya. hindi dahil sa baha o sunog.",medical
A COCRETE FENCE FELL ON PARKED CARS SA STA. ANA. MAY MGA TAONG NAIPIT. PAKITULUNGAN PO KAMI.,structural
"attention mdrrmd: nahulog sa hagdan ang lolo ko, hindi makatayo. we don't know first aid. kanina pa po ito.",medical
Mga sir Flood water is rising fast in front of the elementary school Brownout na rin dito Asap po sana,flood
Attention MDRRMD: The water is already ankle deep sa Sta Ana Walang sunog baha lang Kanina pa po ito,flood
"Good evening po, Makapal na usok galing sa bodega sa Sta. Ana. May mga naiwan pa sa loob. Please respond.",fire
"Nanganganak na ang buntis, kailangan ng ambulansya sa may España Blvd. We don't know first aid.",medical
Emergency po. An electric post fell across the street near the health center. Hindi makadaan ang mga sasakyan. Tulong po.,structural
good evening po a fire broke out in the market sa tabi ng estero light materials ang mga bahay marami pong tao dito,fire
"good morning, a pregnant woman is in labor and cnnot get to the hospital sa kanto ng dapitan at blumentritt. mahina na ang pulso.",medical
"HELP PO. RISING PA RIN ANG TUBIG NEAR THE HEALTH CENTER, TRAPPED ANG MGA TAO SA SECOND FLOOR. THE WATER IS STILL RISING. PLEASE SEND HELP.",flood
"an old woman fainted, she needs an ambulance. thank you.",medical
"attentin mdrrmd: need ambulance po, may nag-collapse. urgent po.",medical
Report lang po: An old house is leaning and about to fall The road is not passable,structural
"Pls help. Nakuryente ang isang lalaki, hindi na gumagalaw sa tabi ng estero. She is not responding. Asap po sana.",medical
"URGENT: Nag-overflow ang creek sa kanto ng Dapitan at Blumentritt, lubog na ang kalsada. Pls hurry.",flood
Mabilis tumaas ang tubig nasa ikalawng palapag na kami Malakas pa rin ang ulan Saklolo,flood
Saklolo! Binabaha kami hindi makalikas ang pamilya ko The water is still rising,flood
"pls help. stranded kami dahil sa baha, di makadaan ang sasakyan. we have been waiting for an hour.",flood
"Nag-collapse ang wall sa looban ng Sampaloc, may na-trap sa ilalim. May mga taong naipit. Saklolo.",structural
May nasusunog na sasakyan sa looban ng Sampaloc. Saklolo.,fire
Emergency po. A billbord fell on the road dito sa amin. Walang sunog at walang baha.,structural
SAKLOLO! NAHIHILO AT NANINIKIP ANG DIBDIB NG NANAY KO. NAMUMUTLA AT PINAGPAPAWISAN. WE HAVE BEEN WAITING FOR AN HOUR.,medical
"Good morning, Bumagsak ang bakod na semento sa mga nakaparadang sasakyan. Please respond.",structural
Saklolo! The footbridge is damaged and shaking sa Vito Cruz. It needs heavy equipment. Saklolo.,structural
URGENT: Something exploded and now there is a fire sa Port Area Dikit-dikit ang mga bahay dito,fire
Tulong! The fire is getting bigger and no fire truck yet,fire
"GOOD MORNING, MAY SINKHOLE SA KALSADA SA VITO CRUZ, LUMULUBOG ANG ASPALTO. DELIKADO SA MGA DUMADAAN.",structural
Report lang po: Burning smell and black smoke from the transformer along Quirino Avenue. Kumakalat na sa katabing bahay. Pls hurry.,fire
"paki-check po, nabalian ng binti ang rider dito sa amin. may mga bata at matatanda dito.",medical
Report lang po: Amoy sunog at may usok sa kabilang bahay The smoke is very thick,fire
"Tulong po. Nagsusuka at nagtaae ang mga bata, nanghihina na. He is about 60 years old.",medical
Paki-check po A family is stuck on the roof and the flood keeps rising No electricity here Send someone please,flood
"Help po. May bitak ang mga haigi ng gusali, baka gumuho sa may España Blvd. Delikado sa mga dumadaan. Kailangan namin ng rescue.",structural
tulong po. something exploded and now there is a fire sa looban ng sampaloc.,fire
"Attention MDRRMD: Nag-collapse ang wall along Taft Avenue, may na-trap sa ilalim. Nakalaylay pa ang mga kable. May mga bata at matatanda dito.",structural
"Nagsusuka at nagtatae ang mga bata, nanghihina na. Marami pong tao dito.",medical
heavy rain since morning and the water level keeps going up sa san andres bukid no electricity here pls hurry,flood
"Saklolo! Dumudugo nang malaks ang sugat niya, need first aid near Quiapo church. We don't know first aid. Wala pa pong dumarating.",medical
"The road caved in, there is a big sinkhole sa likod ng palengke. Hindi makadaan ang mga sasakyan. Kania pa po ito.",structural
nabalian ng binti ang rider. she is not responding.,medical
Paki-check po Binabaha kami hindi makalikas ang pamilya ko Asap po sana,flood
"Paki-check po, We are trapped on the second floor because of the flood. Malakas pa rin ang ulan. Kanina pa po ito.",flood
"Attention MDRRMD: Nag-collapse ang wall here in Sampaloc, may na-trap sa ilalim. It needs heavy equipment. Salamat po.",structural
Good evening po A wall collapsed Please send help,structural
Pls help Nakatagilid na ang lumang bahay malapit nang gumuho The road is not passable Send someone please,structural
Saklolo! Scaffolding fell from the construction site near the health center Hindi makadaan ang mga sasakyan Pakitulungan po kami,structural
help po. lubog na sa baha ang mga bahay near quiapo church. malakas pa rin ang ulan.,flood
Pls help. Umapaw na ang estero. May mga senior at bata na hindi makalabas. Wala pa pong dumarating.,flood
"cracks on the walls and posts of the building, it may collapse. it needs heavy equipment.",structural
"URGENT: Our street is flooded, ankle high water sa Pandacan. We have been waiting for an hour.",flood
emergency po may nasusunog na sasakyan near quiao church wala pang nasaktan saklolo,fire
"Attention MDRRMD: Smoke and flames on the third floor of the building dito sa Barangay 412. Hindi naman baha dito, sunog talaga. Please send help.",fire
"paki-check po, may sinkhole sa kalsada sa ilalim ng tulay, lumulubog ang aspalto. baka bumagsak pa ang iba. marami pong tao dito.",structural
"Flooding behind the public school, vehicles can't pass. Malakas pa rin ang ulan. We have been waiting for an hour.",flood
"help po. may nahimatay sa malate, hindi na humihinga. may high blood ang pasyente. we have been waiting for an hour.",medical
"urgent: nakatagilid na ang lumang bahay, malapit nang gumuho. the road is not passable.",structural
"PAKI-CHECK PO, A BOY WAS BITTEN BY A DOG AND IS BLEEDING. WE DON'T KNOW FIRST AID. URGENT PO.",medical
Emergency po Nasusunog ang bahay kumakalat na ang apoy Strong wind is spreading it Kanina pa po ito,fire
attenton mdrrmd: we cannot evacuate the road is under water our things are floating need help asap,flood
Grabe ang baha sa Vito Cruz hanggang didib na Walang sunog baha lang Tulong po,flood
"Paki-check po, Malaking sunog, maraming bahay ang natutupok in our street. We can hear explosions.",fire
"emergency po. a motorcycle rider is injured, his leg is broken.",medical
help! nahihilo at naninikip ang dibdib ng nanay ko. we have been waiting for an hour.,medical
"UNCONSCIOUS ANG LOLA KO, PAKIDALA NG AMBULANSYA DITO SA AMIN. MAY DIABETES SIYA. SAKLOLO.",medical
Tulong! Baha na sa San Andres Bukid hanggang dibdib na ang tubig Kailangan namin ng rescue,flood
help po nabalian ng binti ang rider near quiapo church may diabetes siya,medical
Tulong! The river is overflowing at the corner of Recto and Rizal Avenue. May mga senior at bata na hindi makalabas.,flood
HELP! We are trapped on the second floor because of the flood Pakitulungan po kami,flood
"HELP! Baha po dito, pumasok na ang water sa bahay namin sa Barangay 105 Tondo. May mga senior at bata na hindi makalabas. Salamat po.",flood
URGENT: Blocked ang road dahil sa natumbang puno. No one is hurt so far. Salamat po.,structural
"pls help. a house is on fire sa malate, the flames are spreading to the next houses. the smoke is very thick.",fire
report lang po: buntis na manganganak na wala kaming sasakyan papuntang hospital sa sta mesa malapit sa riles we don't know first aid,medical
Tulong po. Nagliliyab ang poste ng kuryente sa ilalim ng tulay. Wala pang bumbero.,fire
Help po. Someone was electrocuted and is not responding. She is not responding. Kanina pa po ito.,medical
attention mdrrmd: duguan ang ulo ng isang matanda matapos madulas sa pandacan we don't know first aid,medical
"PAKI-CHECK PO, UMAAPAW ANG ILOG AT LUMULUBOG NA ANG KALSADA. NO ELECTRICITY HERE. THANK YOU.",flood
"We cannot evacuate, the road is under water sa Barangay 105 Tondo. May mga senior at bata na hindi makalabas. Thank you.",flood
"HELP! Sunog po near the health center, need ng bumbero. May mga naiwan pa sa loob. Salamat po.",fire
"Saklolo! Kitchen fire, the LPG tank might explode. Wala pang bumbero.",fire
The footbridge is damaged and shaking dito sa amin Walang sunog at walang baha Pls hurry,structural
"Attention MDRRMD: Grass fire spreading near the houses along Pedro Gil. Hindi naman baha dito, sunog talaga. We have been waiting for an hour.",fire
"May nahiatay sa ilalim ng tulay, hindi na humihinga. May mga bata at matatanda dito.",medical
Report lang po: Umaapaw ang ilog at lumulubog na ang kalsada. Brownout na rin dito. Need help asap.,flood
"Paki-check po, May crack ang bridge sa San Andres Bukid, delikado dumaan. Tulong po.",structural
"Help po. Part of the building collapsed, people may be under the rubble. Baka bumagsak pa ang iba. We have been waiting for an hour.",structural
"Mga sir, Nasusunog ang bahay beside the covered court, kumakalat na ang apoy. Kumakalat na sa katabing bahay. Pls hurry.",fire
Report lang po: Blocked ang road dahil sa natumbang puno near the barangay hall. The road is not passable. Salamat po.,structural
nag-collapse ang wall may na-trap sa ilalim it needs heavy equipment need help asap,structural
HELP PO. FLASH FLOOD SA LOOBAN NG SAMPALOC. KANINA PA PO ITO.,flood
"Mga sir, May apoy sa stockroom, tumunog ang fire alarm sa Baseco compound. Strong wind is spreading it. Marami pong tao dito.",fire
"Emergency po. Inaanod na ang mga gamit, malakas ang agos ng tubig sa looban ng Sampaloc. Wala nang madaanan. Thank you.",flood
Saklolo! Need ambulance po may nag-collapse sa tabi ng estero Walang sasakyan papunta sa ospital,medical
"attention mdrrmd: nahulog sa hagdan ang lolo ko, hindi makatayo. may high blood ang pasyente. may mga bata at matatanda dito.",medical
tulong po lampas tao na ang baha the water is still rising please send help,flood
Tulong po May nahimatay hindi na humihinga He is about 60 years old Asap po sana,medical
may malaking bitak ang tulay behind the public school. hindi makadaan ang mga sasakyan. need help asap.,structural
bumagsak ang poste ng kuryente sa kalye on lacson avenue people are afraid to go back inside,structural
Hinihika ang anak ko nahihirapang huminga Hindi dahil sa baha o sunog Salamat po,medical
URGENT: An eldrly man fell down the stairs and cannot move. Need help asap.,medical
URGENT: Tnutupok ng apoy ang mga barong-barong Dikit-dikit ang mga bahay dito,fire
Tulong! A house is on fire the flames are spreadng to the next houses Pls hurry,fire
"bumagsak ang bahagi ng gusali, may natabunan. nakalaylay pa ang mga kable. pakibilisan po.",structural
Attention MDRRMD: An old house is leaning and about to fall dito sa Barangay 412. Walang sunog at walang baha. Marami pong tao dito.,structural
"AN OLD WOMAN FAINTED, SHE NEEDS AN AMBULANCE. SHE IS NOT RESPONDING.",medical
"paki-check po, something exploded and now there is a fire near the basketball court. thank you.",fire
"Tulong! May apoy sa stockroom, tumunog ang fire alarm near the health center. May mga naiwan pa sa loob. Asap po sana.",fire
"Emergency po, inatake sa puso ang kapitbahay near Quiapo church. Namumutla at pinagpapawisan. Salamat po.",medical
Good morning Hanggang leeg na ang baha along Pedro Gil May mga senior at bata na hindi makalabas Asap po sana,flood
"Mga sir, A family is stuck on the roof and the flood keeps rising in Tondo near the market. Urgent po.",flood
help! gumuho ang lupa at mga bato sa eskinita. hindi makadaan ang mga sasakyan. pls hurry.,structural
natumba ang puno at nakaharang sa kalsada sa eskinita namin. we have been waiting for an hour.,structural
"Help po. Lumalaki ang apoy, wala pang bumbero. Pls hurry.",fire
PLS HELP. SCAFFOLDING FELL FROM THE CONSTRUCTION SITE DITO SA AMIN. NAKALAYLAY PA ANG MGA KABLE. ASAP PO SANA.,structural
baha na near the basketball court hanggang bewang na ang tubig wala namang nasaktan pero hindi kami makaalis,flood
Pls help Sira ang pader ng building baka gumuho People are afraid to go back inside Pakitulungan po kami,structural
"Nasusunog ang bahay sa Barangay 105 Tondo, kumakalat na ang apoy. The smoke is very thick. Kanina pa po ito.",fire
Hanggang sakong na ang baha sa Pandacan Sakolo,flood
Pls help Lumalaki ang apoy wala pang bumbero along Quirino Avenue Hindi naman baha dito sunog talaga,fire
Pls help Something exploded and now there is a fire sa Vito Cruz Please respond,fire
"Part of the building collapsed, people may be under the rubble sa Sta. Mesa malapit sa riles. No one is hurt so far. Please respond.",structural
HELP! NASUSUNOG ANG PALENGKE SA TAPAT NG SIMBAHAN MAY MGA NAIWAN PA SA LOOB PLEASE SEND HELP,fire
"sumabog ang tangke ng lpg, nasusunog na ang kusina. kumakalat na sa katabing bahay. kanina pa po ito.",fire
"MGA SIR, LUBOG NA SA BAHA ANG MGA BAHAY NEAR THE BARANGAY HALL. NO ELECTRICITY HERE. PLEASE SEND HELP.",flood
"Good morning, May nasusunog na sasakyan sa Barangay 105 Tondo. Need help asap.",fire
"paki-check po, kinukumbulsyon ang bata, mataas ang lagnat sa pandacan. may high blood ang pasyente.",medical
"Sira ang tulay sa Vito Cruz, delikadong daanan. Maami pong tao dito.",structural
"Need ambulance po, may nag-collapse sa looban ng Sampaloc. Mahina na ang pulso. Marami pong tao dito.",medical
The water is already ankle deep sa tabi ng estero. Hindi na abot ng sasakyan. Pakitulungan po kami.,flood
"mga sir, need ambulance po, may nag-collapse sa ilalim ng tulay. nangingitim na ang labi niya. pakitulungan po kami.",medical
Good morning Hindi na kami makalabas mataas na ang tubig,flood
"may crack ang bridge sa sta. mesa malapit sa riles, delikado dumaan. people are afraid to go back inside. kaiangan namin ng rescue.",structural
Tulong! Flood water is rising fast Brownout na rin dito Need help asap,flood
TULONG! AMOY SUNOG AT MAY USOK SA KABILANG BAHAY. WALA PANG BUMBERO. MARAMI PONG TAO DITO.,fire
"Hinihika ang anak ko, nahihirapang huminga. Namumutla at pinagpapawisan. Marami pong tao dito.",medical
Cracks on the walls and posts of the building it may collapse sa likod ng palengke Wala namang sugatan Thank you,structural
PAKI-CHECK PO NAHULOG SA HAGDAN ANG LOLO KO HINDI MAKATAYO NAMUMUTLA AT PINAGPAPAWISAN PAKIBILISAN PO,medical
"Attention MDRRMD: Nagsimula ang sunog sa kusina, mabilis kumalat. Strong wind is spreading it. Tulong po.",fire
"good morning, natumba ang malaking puno sa bahay sa tabi ng estero. the road is not passable.",structural
Good evening po Emergency po inatake sa puso ang kapitbahay sa kanto ng Dapitan at Blumentritt Nangingitim na ang labi niya,medical
"Debris is blocking the road sa Port Area, vehicles can't pass. Delikado sa mga dumadaan. Please send help.",structural
Nagsusuka at nagtatae ang mga bata nanghihina na near the creek Nangingitim na ang labi niya May mga bata at matatanda dito,medical
Pls help. Walang malay ang isang lalaki. May high blood ang pasyente. Wala pa pong dumarating.,medical
Help po Natumbang poste nakaharang sa daan hindi makadaan ang mga sasakyan dito sa Barangay 412 The road is not passable,structural
"Help po. Bumagsak ang bahagi ng gusali, may natabunan. Hindi makadaan ang mga sasakyan. May mga bata at matatanda dito.",structural
Walang malay ang isang lalaki sa Vito Cruz. Mahina na ang pulso. Salamat po.,medical
Report lang po: Nabagsakan ng billboard ang kalsada. Delikado sa mga dumadaan. Paibilisan po.,structural
"mga sir, we are trapped on the second floor because of the flood. need help asap.",flood
Nakaharang ang mga debris sa daan sa Baseco compound. Walang sunog at walang baha. Saklolo.,structural
"paki-check po, a concrete fence fell on parked cars. hindi makadaan ang mga sasakyan. tulong po.",structural
HEAVY RAIN SINCE MORNING AND THE WATER LEVEL KEEPS GOING UP ON LACSON AVENUE. OUR THINGS ARE FLOATING. PLEASE RESPOND.,flood
Good morning Tumataas ang tubig Our things are floating Please respond,flood
help po baha na near the health center hanggang leeg na ang tubig the current is strong need help asap,flood
"urgent: an old woman fainted, she needs an ambulance. namumutla at pinagpapawisan.",medical
URGENT: The creek overflowed and water is entering the houses sa Barangay 105 Tondo. Malakas pa rin ang ulan. Need help asap.,flood
Good evening po The fire is getting bigger and no fire truck yet Kailangan namin ng rescue,fire
A pregnant woman is in labor and cannot get to the hospital sa Vito Cruz.,medical
HELP! A concrete fence fell on parked cars. The road is not passable. Marami pong tao dito.,structural
cracks on the walls and posts of the building it may collapse baka bumagsak pa ang iba pakitulungan po kami,structural
A boy was bitten by a dog and is bleeding. Namumutla at pinagpapawisan. Kanina pa po ito.,medical
"Good morning, There is a big crack on the bridge near UST. Baka bumagsak pa ang iba. Marami pong tao dito.",structural
URGENT: ANKLE DEEP NA ANG BAHA SA BINONDO HINDI NA ABOT NG SASAKYAN PAKITULUNGAN PO KAMI,flood
The water is already waist deep at the crner of Recto and Rizal Avenue. Hindi na abot ng sasakyan.,flood
"HELP! Cracks on the walls and posts of the building, it may collapse. It needs heavy equipment.",structural
Attention MDRRMD: Sumabog ang transformer sa looban ng Sampaloc tapos nagka-sunog. Dikit-dikit ang mga bahay dito. Asap po sana.,fire
Good evening po May apoy sa ikatlong palapag ng gusali sa Vito Cruz Dikit-dikit ang mga bahay dito Kailangan namin ng rescue,fire
"HELP! Nakuryente ang isang lalaki, hindi na gumagalaw. May diabetes siya. Urgent po.",medical
Heavy rain since morning and the water level keeps going up sa Legada malapit sa LRT. The water is still rising. May mga bata at matatanda dito.,flood
"Good evening po, The water is already neck deep sa may España Blvd. No electricity here.",flood
nausunog ang palengke dito sa amin. pls hurry.,fire
"Kinukumbulsyon ang bata, mataas ang lagnat sa may España Blvd. Namumutla at pinagpapawisan.",medical
"diabetic patient is shaking and confused, needs a medic beside the covered court. hindi dahil sa baha o sunog.",medical
tulong po. umapaw na ang estero here in sampaloc. no electricity here. urgent po.,flood
URGENT: Lumubog ang kalsada may malaking butas in front of the elementary school,structural
"Baha na near the halth center, hanggang sakong na ang tubig. Malakas pa rin ang ulan. Tulong po.",flood
Umaapaw ang ilog at lumulubog na ang kalsada sa Vito Cruz. The water is still rising. Please respond.,flood
pls help. huses are submerged. pakitulungan po kami.,flood
Saklolo! Baha po dito pumasok na ang water sa bahay namin The crrent is strong,flood
Nasusnog ang bahay kumakalat na ang apoy May mga naiwan pa sa loob,fire
"Nakuryente ang isang lalaki, hindi na gumagalaw. Hindi dahil sa baha o sunog. May mga bata at matatanda dito.",medical
There is a big crack on the bridge. It needs heavy equipment. Saklolo.,structural
a concrete fence fell on parked cars sa san andres bukid. walang sunog at walang baha. may mga bata at matatanda dito.,structural
There is a big crack on the bridge near the basketball court. Baka bumagsak pa ang iba. Wala pa pong dumarating.,structural
"our street is flooded, knee high water. pls hurry.",flood
"HELP! HIRAP HUMINGA ANG PASYENTE, NEED OXYGEN. MAY MGA BATA AT MATATANDA DITO.",medical
HELP! A tree fell and is blocking the road sa San Andres Bukid. Marami pong tao dito.,structural
"We cannot evacuate, the road is under water. The water is still rising.",flood
Good evening po Lampas tao na ang baha sa Sta Ana May mga senior at bata na hindi makalabas Please respond,flood
"attention mdrrmd: cracks on the walls and posts of the building, it may collapse. the road is not passable.",structural
Vomiting and diarrhea the children are very weak May high blood ang pasyente Salamat po,medical
"mga sir, mabilis tumaas ang tubig, nasa ikalawang palapag na kami sa vito cruz. the water is still rising. please send help.",flood
"Emergency po. Nakagat ng aso ang bata, dumudugo ang sugat. He is about 60 years old.",medical
Emergency po An electric post fell across the street sa Vito Cruz May mga taong naipit,structural
"Mabilis tumaas ang tubig, nasa ikalawang palapag na kami sa likod ng palengke. Please respond.",flood
"Good morning, Nasusunog ang palengke near the barangay hall. Hindi naman baha dito, sunog talaga. Marami pong tao dito.",fire
"LUMUBOG ANG KALSADA, MAY MALAKING BUTAS.",structural
Good evening po Na-stroke ang lola ko hindi maigalaw ang kalahai ng katawan He lost a lot of blood Pakitulungan po kami,medical
A man is bleeding badly from a head wound along Quirino Avenue May high blood ang pasyente,medical
Saklolo! Walang malay ang isang lalaki behind the public school. He is about 60 years old. Salamat po.,medical
Bumigay ang roof ng gym at the corner of Recto and Rizal Avenue. It needs heavy equipment.,structural
Makapal na usok galing sa bodga along Quirino Avenue. May mga naiwan pa sa loob. Tulong po.,fire
"PAKI-CHECK PO, UMUUSOK ANG KABLE NG KURYENTE AT NAG-AAPOY NA. HINDI NAMAN BAHA DITO, SUNOG TALAGA. MAY MGA BATA AT MATATANDA DITO.",fire
URGENT: Kinukumbulsyon ang bata mataas ang lagnat Pakibilisan po,medical
Tulong po Someone is unconscious sa ilalim ng tulay May high blood ang pasyente Asap po sana,medical
URGENT: A child has a very high fever and is having a seizure sa San Andres Bukid. She is not responding. Kailangan namin ng rescue.,medical
"Tulong! Grabe ang baha sa eskinita namin, hanggang leeg na. No electricity here. We have been waiting for an hour.",flood
Mga sir Nakatagilid na ang lumng bahay malapit nang gumuho Walang sunog at walang baha Salamat po,structural
URGENT: My father is having chest pain and can't breathe in front of the elementary school. May high blood ang pasyente. Salamat po.,medical
"pls help. binabaha kami, hindi makalikas ang pamilya ko. no electricity here.",flood
"paki-check po, na-stroke ang lola ko, hindi maigalaw ang kalahati ng katawan.",medical
emergency po may fire sa kapitbahay kumakalat na ang apoy may mga naiwan pa sa loob pakitulungan po kami,fire
"Hindi na kami makalabas, mataas na ang tubig behind the public school. The water is still rising. Thank you.",flood
"Paki-check po, Hanggang leeg na ang baha. No electricity here. Saklolo.",flood
Pls help. Smoke and flames on the third floor of the building. Strong wind is spreading it. Kailangan namin ng rescue.,fire
"Paki-check po, Inaatake sa puso ang tatay ko, masakit ang dibdib niya behind the public school. Mahina na ang pulso. Pakitulungan po kami.",medical
An elderly man fell down the stairs and cannot move. Walang sasakyan papunta sa ospital. Tulong po.,medical
Grass fire spreading near the houses beside the covered court. Wala pang bumbero. Send someone please.,fire
URGENT: Natumba ang malaking puno sa bahay near the barangay hall. Wala namang sugatan.,structural
SAKLOLO! MAY NASUSUNOG NA SASAKYAN BEIND THE PUBLIC SCHOOL. WE CAN HEAR EXPLOSIONS. PLEASE RESPOND.,fire
PAKI-CHECK PO THICK SMOKE IS COMING OUT OF A BUILDING SA VITO CRUZ PEOPLE ARE TRYING TO PUT IT OUT WITH BUCKETS WALA PA PONG DUMARATING,fire
grabe ang baha hanggang tuhod na please respond,flood
Bumagsak ang scaffolding sa construction site sa Sta. Ana.,structural
tulong po. nagliliyab ang poste ng kuryente dito sa barangay 412. dikit-dikit ang mga bahay dito. pls hurry.,fire
Report lang po: Baha po dito pumasok na ang water sa bahay namin Walang sunog baha lang Marami pong tao dito,flood
good evening po nabagsakan ng billboard ang kalsada beside the covered court may mga taong naipit salamat po,structural
"MGA SIR, BUMIGAY ANG ROOF NG GYM SA P. NOVAL. IT NEEDS HEAVY EQUIPMENT. SALAMAT PO.",structural
pls help. a wall collapsed. baka bumagsak pa ang iba. saklolo.,structural
tulong! we cannot evacuate the road is under water the current is strong kailngan namin ng rescue,flood
"Good morning, A man is bleeding badly from a head wound near UST. Urgent po.",medical
"help! there is a fire near the healh center. hindi naman baha dito, sunog talaga. tulong po.",fire
"Pls help. Baha na sa kanto ng Dapitan at Blumentritt, hanggang tuhod na ang tubig. Wala namang nasaktan pero hindi kami makaalis. Urgent po.",flood
Grass fire spreading near the houses. People are trying to put it out with buckets. Send someone please.,fire
Na-trap kami sa bubong dahil sa baha. No electricity here. Tulong po.,flood
"Paki-check po, Diabetic patient is shaking and confused, needs a medic behind the public school. We don't know first aid. Please send help.",medical
"Help po. Need ambulance po, may nag-collapse sa Pandacan. Hindi dahil sa baha o sunog. Please send help.",medical
"Good evening po, A tree fell and is blocking the road. It needs heavy equipment. Urgent po.",structural
Good evening po A warehouse is burning along Pedro Gil Wala pang nasaktan We have been waiting for an hour,fire
"Paki-check po, An electric post fell across the street sa Vito Cruz. Need help asap.",structural
Gumuho ang lupa at mga bato sa eskinita. Baka bumagsak pa ang iba. Need help asap.,structural
Nagliliyab ang poste ng kuryente along Quirino Avenue. Kumakalat na sa katabing bahay. Kanina pa po ito.,fire
urgent: sumabog ang transformer sa san andres bukid tapos nagka-sunog. wala pang bumbero.,fire
"urgent: need ambuance po, may nag-collapse dito sa amin. hindi dahil sa baha o sunog.",medical
"tulong! na-stroke ang lola ko, hindi maigalaw ang kalahati ng katawan sa legarda malapit sa lrt. namumutla at pinagpapawisan. need help asap.",medical
"Saklolo! Nahulog sa hagdan ang lolo ko, hindi makatayo. We don't know first aid.",medical
I can see flames from the roof of the store sa Paco market People are trying to put it out with buckets Need help asap,fire
"Attention MDRRMD: Lumubog ang kalsada, may malaking butas near the creek. Baka bumagsak pa ang iba.",structural
Attntion MDRRMD: Inaanod na ang mga gamit malakas ang agos ng tubig Wala nang madaanan,flood
Flash flood sa Malate. Tulong po.,flood
Bumigay ang bubong ng covered court Walang sunog at walang baha Tulong po,structural
HELP! Soil and rocks slid down and covered the alley along Taft Avenue. The road is not passable. Send someone please.,structural
"flooding sa kanto ng dapitan at blumentritt, vehicles can't pass. wala namang nasaktan pero hindi kami makaalis.",flood
Saklolo! A tree fell and is blocking the road. Wala pa pong dumarating.,structural
urgent: nasusunog ang warehouse here in sampaloc sobrang itim ng smoke we can hear explosions we have been waiting for an hour,fire
help! a child has a very high fever and is having a seizure sa ilalim ng tulay. hindi dahil sa baha o sunog. we have been waiting for an hour.,medical
Help po Umapaw na ang estero sa looban ng Sampaloc Our things are floating Pakitulungan po kami,flood
Attention MDRRMD: May sunog in Tondo near the market Please send help,fire
"Big fire, several houses are burning beside the covered court. Dikit-dikit ang mga bahay dito. Saklolo.",fire
TULONG PO A BILLBOARD FELL ON THE ROAD DITO SA AMIN MAY MGA TAONG NAIPIT ASAP PO SANA,structural
"reprt lang po: sumabog ang tangke ng lpg, nasusunog na ang kusina. the smoke is very thick.",fire
Tulong! There is a fire Wala pang nasaktan Asap po sana,fire
"May seizure ang anak ko, need medic. Mahina na ang pulso. Asap po sana.",medical
"Mga sir, The fire is getting bigger and no fire truck yet. Light materials ang mga bahay. Salamat po.",fire
"Tulong po. Natumbang poste nakaharang sa daan, hindi makadaan ang mga sasakyan. Nakalaylay pa ang mga kable. Pakitulungan po kami.",structural
"Mga sir, May seizure ang anak ko, need medic. Namumutla at pinagpapawisan. Salamat po.",medical
"Hirap huminga ang pasyente, need oxygen near the basketball court. Pls hurry.",medical
HELP! Makapal na usok galing sa bodega. Wala pa pong dumarating.,fire
Good morning Blocked ang road dahil sa natumbang puno Kanina pa po ito,structural
Pls help. Pumapasok na ang tubig baha sa loob ng bahay sa Sta. Ana. Malakas pa rin ang ulan. Need help asap.,flood
"Emergency po. Na-stroke ang lola ko, hindi maigalaw ang kalahati ng katawan. Urgent po.",medical
HELP! A tree fell and is blocking the road. Nakalaylay pa ang mga kable.,structural
Pls help Unconscious ang lola ko pakidala ng ambulansya May diabetes siya,medical
Report lang po: Lampas tao na ang baha dito sa amin. Wala nang madaanan. Please send help.,flood
"Help po. Houses are submerged near UST. Walang sunog, baha lang. Asap po sana.",flood
"good evening po, part of the building collapsed, people may be under the rubble. send someone please.",structural
"Sunog po sa Barangay 105 Tondo, need ng bumbero. The smoke is very thick.",fire
the river is overflowing along quirino avenue. hindi na abot ng sasakyan.,flood
"Saklolo! Hirap hminga ang pasyente, need oxygen. May diabetes siya. Salamat po.",medical
"Dumudugo nang malakas ang sugat niya, need first aid. Mahina na ang pulso. Tulong po.",medical
Soething exploded and now there is a fire sa looban ng Sampaloc. Light materials ang mga bahay. Please send help.,fire
"Help po. Nakagat ng aso ang bata, dumudugo ang sugat. May dibetes siya. Tulong po.",medical
Saklolo! A child has a very high fever and is having a seizure sa Pandacan. Kailangan namin ng rescue.,medical
SOMEONE IS UNCONSCIOUS NANGINGITIM NA ANG LABI NIYA,medical
"Rising pa rin ang tubig , trapped ang mga tao sa second floor. No electricity here. Pakitulungan po kami.",flood
Report lang po: A man collapsed along Pedro Gil and is not breathing.,medical
"Sunog po in front of the elementary school, need ng bumbero. We can hear explosions. Kanina pa po ito.",fire
Mga sir May nasusunog na sasakyan sa kanto ng Dapitan at Blumentritt May mga naiwan pa sa loob Marami pong tao dito,fire
"HELP! Nanganganak na ang buntis, kailangan ng ambulansya. Namumutla at pinagpapawisan. Kailangan namin ng rescue.",medical
saklolo! natumba ang puno at nakaharang sa kalsada here in sampaloc. wala namang sugatan. saklolo.,structural
emergency po. burning smell and black smoke from the transformer sa p. noval. people are trying to put it out with buckets. pls hurry.,fire
Scaffolding fell from the construction site sa eskinita namin. Nakalaylay pa ang mga kable. Pls hurry.,structural
"Mga sir, Debris is blocking the road , vehicles can't pass. May mga taong naipit. Pakibilisan po.",structural
"Good morning, Kinukumbulsyon ang bata, mataas ang lagnat. May high blood ang pasyente. Pakitulungan po kami.",medical
Sumabog ang tangke ng LPG nasusunog na ang kusina Dikit-dikit ang mga bahay dito Marami pong tao dito,fire
Pls help. Duguan ang ulo ng isang matanda matapos madulas. Send someone please.,medical
"SAKLOLO! NA-STROKE ANG LOLA KO, HINDI MAIGLAW ANG KALAHATI NG KATAWAN.",medical
Saklolo! Sumabog ang transformer sa Sta. Ana tapos nagka-sunog. We can hear explosions. Urgent po.,fire
Umaapaw ang ilog at lumulubog na ang kalsada behind the public school. May mga senior at bata na hindi makalabas. Please respond.,flood
"debris is blocking the road , vehicles can't pass. walang sunog at walang baha. send someone please.",structural
"Kitchen fire, the LPG tank might explode. Dikit-dikit ang mga bahay dito. Kailangan namin ng rescue.",fire
"Attention MDRRMD: Nakuryente ang isang lalaki, hindi na gumagalaw sa likod ng palengke. Thank you.",medical
Tulong! An old house is leaning and about to fall Wala namang sugatan Thank you,structural
"Mga sir, Dumudugo nang malakas ang sugat niya, need first aid. She is not responding. Pls hurry.",medical
Nagsusuka at nagtatae ang mga bata nanghihina na Walang sasakyan papunta sa ospital Tulong po,medical
Tulong! Someone was electrocuted and is not responding. We don't know first aid. Pakitulungan po kami.,medical
THE FIRE IS GETTING BIGGER AND NO FIRE TRUCK YET. TULONG PO.,fire
Nag-spark ang wire tapos nasunog ang bahay near the basketball court. Light materials ang mga bahay. Send someone please.,fire
"Tulong po. The flood reached our first floor, we need a boat here in Sampaloc. The water is still rising. Tulong po.",flood
"Binabaha kami, hindi makalikas ang pamilya ko on Lacson Avenue. Marami pong tao dito.",flood
attention mdrrmd: nakaharang ang mga debris sa daan sa binondo. delikado sa mga dumadaan. saklolo.,structural
"Good evening po, Kinukumbulsyon ang bata, mataas ang lagnat. He lost a lot of blood.",medical
"ang kapal ng usok near the barangay hall, may nasusunog na building. kumakalat na sa katabing bahay. send someone please.",fire
"Good evening po, A jeepney caught fire in front of the elementary school. We can hear explosions. Please respond.",fire
URGENT: Nabagsakan ng billboard ang kalsada behind the public school Marami pong tao dito,structural
"Paki-check po, Pumapasok na ang tubig baha sa loob ng bahay. Brownout na rin dito.",flood
"mga sir, gumuho ang lupa at mga bato sa eskinita. wala namang sugatan. pakibilisan po.",structural
Tulong! Lapas tao na ang baha. Malakas pa rin ang ulan. Thank you.,flood
attention mdrrmd: bumagsak ang bakod na semento sa mga nakaparadang sasakyan. it needs heavy equipment. need help asap.,structural
Report lang po: Bumagsak ang bakod na semento sa mga nakaparadang sasakyan. Urgent po.,structural
nakuryente ang isang lalaki hindi na gumagalaw he lost a lot of blood,medical
"Good evening po, Nabalian ng binti ang rider. Hindi dahil sa baha o sunog. Need help asap.",medical
blocked ang road dahil sa natumbang puno sa p. noval. nakalaylay pa ang mga kable. urgent po.,structural
"Saklolo! Malalim na ang tubig sa tabi ng estero, kailangan ng bangka. May mga senior at bata na hindi makalabas. Plese send help.",flood
"Attention MDRRMD: Nagsimula ang sunog sa kusina, mabilis kumalat sa ilalim ng tulay. We can hear explosions. Saklolo.",fire
"Good evening po, The flood reached our first floor, we need a boat. Wala namang nasaktan pero hindi kami makaalis. Pakitulungan po kami.",flood
"Nahulog sa hagdan ang lolo ko, hindi makatayo. Hindi dahil sa baha o sunog. Pakibilisan po.",medical
A wall collapsed It needs heavy equipment,structural
heavy rain since morning and the water level keeps going up no electricity here marami pong tao dito,flood
"Good evening po, May malaking bitak ang tulay. Delikado sa mga dumadaan. Pakibilisan po.",structural
attention mdrrmd: bumgay ang bubong ng covered court. may mga taong naipit. marami pong tao dito.,structural
I can see flames from the roof of the store The smoke is very thick Saklolo,fire
HELP! The river is overflowig sa eskinita namin. Malakas pa rin ang ulan.,flood
"Hindi na kami makalabas, mataas na ang tubig. Brownout na rin dito. May mga bata at matatanda dito.",flood
"Attention MDRRMD: May seizure ang anak ko, need medic sa tabi ng estero. May high blood ang pasyente.",medical
A man is bleeding badly from a head wound near the health center Mahina na ang pulso Send someone please,medical
HELP! An old house is leaning and about to fall. Wala naang sugatan.,structural
Saklolo! Makapal na usok galing sa bodega near the basketball court Wala pang nasaktan Kanina pa po ito,fire
Tumataas ang tubig on Lason Avenue Kailangan namin ng rescue,flood
"saklolo! part of the building collapsed, people may be under the rubble near the creek. walang sunog at walang baha. may mga bata at matatanda dito.",structural
Pls help Unconscous ang lola ko pakidala ng ambulansya sa likod ng palengke,medical
pls help. bumigay ang roof ng gym along pedro gil. it needs heavy equipment. pakibilisan po.,structural
duguan ang ulo ng isang matanda matapos madulas sa legarda malapit sa lrt. he lost a lot of blood. asap po sana.,medical
HELP! Heavy rain since morning and the water level keeps going up sa Port Area. Malakas pa rin ang ulan.,flood
"Good evening po, Bumagsak ang scaffolding sa construction site. No one is hurt so far. Kanina pa po ito.",structural
a billboard fell on the road no one is hurt so far,structural
A fire broke out in the market. The smoke is very thick. Pakibilisan po.,fire
URGENT: Walang malay ang isang lalaki sa tabi ng estero She is not responding Marami pong tao dito,medical
"good evening po, mabilis tumas ang tubig, nasa ikalawang palapag na kami sa looban ng sampaloc.",flood
We are trapped on the second floor because of the flood sa Vito Cruz. No electricity here. Need help asap.,flood
"URGENT: MAY CRACK ANG BRIDGE NEAR THE HEALH CENTER, DELIKADO DUMAAN.",structural
BUMAGSAK ANG POSTE NG KURYENTE SA KALYE SA BINODO IT NEEDS HEAVY EQUIPMENT,structural
"urgent: need ambulance po, may nag-collapse sa eskinita namin. may high blood ang pasyente. asap po sana.",medical
tulong po. someone is unconscious near the barangay hall. he lost a lot of blood. asap po sana.,medical
tinutupok ng apoy ang mga barong-barong sa port area. the smoke is very thick. saklolo.,fire
Walang malay ang isang lalki near the creek. May high blood ang pasyente. Pls hurry.,medical
"Emergency po. May sugatan sa Pandacan, malalim ang sugat sa braso. May high blood ang pasyente. Pakibilisan po.",medical
HELP! Umapaw na ang estero No electricity here Thank you,flood
"Good evening po, A tree fell and is blocking the road sa Port Area. Nakalaylay pa ang mga kable. May mga bata at matatanda dito.",structural
Bumagsak ang poste ng kuryente sa kalye sa San Andres Bukid. Pls hurry.,structural
"Report lang po: Malalim na ang tubig along Taft Avenue, kailangan ng bangka.",flood
Tulong! Lumalaki ang apoy wala pang bumbero Dikit-dikit ang mga bahay dito,fire
URGENT: Something exploded and now there is a fire sa Sta. Ana. Urgent po.,fire
Tulong! Nabalian ng binti ang rider sa Pandacan Walang sasakyan papunta sa ospital Pakitulungan po kami,medical
"Nag-collapse ang wall along Quirino Avenue, may na-trap sa ilalim. Wala namang sugatan.",structural
SAKLOLO! THE CREEK OVERFLOWED AND WATER IS ENTERING THE HOUSES. THE CURRENT IS STRONG. PLEASE SEND HELP.,flood
"HELP! Nakatagilid na ang lumang bahay, malapit nang gumuho. It needs heavy equipment.",structural
A MAN COLLAPSED IN TONDO NEAR THE MARKET AND IS NOT BREATHING NANGINGITIM NA ANG LABI NIYA,medical
"GOOD EVENING PO, THERE IS A FIRE DITO SA AMIN. MAY MGA NAIWAN PA SA LOOB. SAKLOLO.",fire
"Tulong! A person is having a stroke, half of the face is drooping. Namumutla at pinagpapawisan. Kanina pa po ito.",medical
Pls help. Thick smoke is coming out of a building sa Baseco compound. Marami pong tao dito.,fire
Pls help Umuusok ang kable ng kuryente at nag-aapoy na We can hear eplosions Saklolo,fire
A jeepney caught fire. Strong wind is spreading it.,fire
Good morning May malaking bitak ang tulay sa Paco market Nakalayly pa ang mga kable Kailangan namin ng rescue,structural
"Tulong po. Nasusunog ang bahay at the corner of Recto and Rizal Avenue, kumakalat na ang apoy. We can hear explosions. Pakitulungan po kami.",fire
help po. a tree fell and is blocking the road beside the covered court. the road is not passable.,structural
an elderly man fell down the stairs and cannot move. kailngan namin ng rescue.,medical
"Reort lang po: Kitchen fire, the LPG tank might explode. We can hear explosions. We have been waiting for an hour.",fire
"Good evening po, We are trapped on the second floor because of the flood sa Sta. Ana. May mga senior at bata na hindi makalabas. Kailangan namin ng rescue.",flood
Pumapasok na ang tubig baha sa loob ng bahay. No electricity here. Asap po sana.,flood
"HELP! Water came in very fast, ankle deep inside the house now sa Malate. Our things are floating.",flood
"Saklolo! Lumalaki ang apoy, wala pang bumbero. Wala pang bumbero. Saklolo.",fire
report lang po: nabagsakan ng billboard ang kalsada sa looban ng sampaloc wala namang sugatan may mga bata at matatanda dito,structural
Tulong po Debris is blocking the road sa Binondo vehicles can't pass It needs heavy equipment,structural
attention mdrrmd: the water is already knee deep,flood
"the road caved in, there is a big sinkhole on lacson avenue. people are afraid to go back inside.",structural
A warehouse is burning along Taft Avenue. Pls hurry.,fire
Thick smoke is comig out of a building sa Barangay 105 Tondo. Light materials ang mga bahay.,fire
Attention MDRRMD: Flash flood near Quiapo church. Wala nang madaanan. Salamat po.,flood
help po. an electric post fell across the street sa tabi ng estero.,structural
"Tulong po. May sugatan sa ilalim ng tulay, malalim ang sugat sa braso. Namumutla at pinagpapawisan. Saklolo.",medical
Attention MDRRMD: Scaffolding fell from the construction site Hindi makadaan ang mga sasakyan Need help asap,structural
Emergency po Unconscious ang lola ko pakidala ng ambulansya beside the covered court Hindi dahil sa baha o sunog Need help asap,medical
Scaffolding fell from the construction site sa San Andres Bukid. No one is hurt so far. We have been waiting for an hour.,structural
"May fire sa kapitbahay, kumkalat na ang apoy. Wala pang nasaktan.",fire
"Mga sir, A person is having a stroke, half of the face is drooping near the health center. Namumutla at pinagpapawisan. May mga bata at maatanda dito.",medical
Mga sir Nagsusuka at nagtatae ang mga bata nanghihina na May high blood ang pasyente Kanina pa po ito,medical
Pls help Kinukumbulsyon ang bata mataas ang lagnat Walang sasakyan papunta sa ospital We have been waiting for an hour,medical
"paki-check po, nagsusuka at nagtatae ang mga bata, nanghihina na beside the covered court. pakibilisan po.",medical
Emergency po Walang malay ang isang lalaki on Lacson Avenue Mahina na ang pulso,medical
"Good morning, The roof of the covered court collapsed sa Barangay 105 Tondo. May mga taong naipit. Saklolo.",structural
Tulong po Inaanod na ang mga gamit malakas ang agos ng tubig dito sa amin Our things are floating May mga bata at matatanda dito,flood
"help po. hirap huminga ang pasyente, need oxygen. he lost a lot of blood.",medical
Tulong! Bumigay ang bubong ng covered court sa kanto ng Dapitan at Blumentritt Marami pong tao dito,structural
ankle deep na ang baha. Wala namang nasaktan pero hindi kami makaalis. Marami pong tao dito.,flood
HELP! HINDI NA KAMI MAKALABAS MATAAS NA ANG TUBIG OUR THINGS ARE FLOATING KAILANGAN NAMIN NG RESCUE,flood
THE ROOF OF THE COVERED COURT COLLAPSED MAY MGA TAONG NAIPIT SEND SOMEONE PLEASE,structural
"good evening po, the road caved in, there is a big sinkhole along taft avenue. kailangan namin ng rescue.",structural
URGENT: A concrete fence fell on parked cars.,structural
Report lang po: Heavy rain since morning and the water level keeps going up sa P. Noval. No electricity here. Saklolo.,flood
"HELP! Nagsimula ang sunog sa kusina, mabilis kumalat in Tondo near the market. The smoke is very thick.",fire
Saklolo! May apoy sa ikatlong palapag ng gusali here in Sampaloc. People are trying to put it out with buckets. We have been waiting for an hour.,fire
"nagsimula ang sunog sa kusina, mabilis kumalat. may mga naiwan pa sa loob.",fire
ATTENTION MDRRMD: DUGUAN ANG ULO NG ISANG MATANDA MATAPOS MADULAS. PLS HURRY.,medical
"report lang po: sira ang pader ng building, baka gumuho.",structural
Report lang po: May nasusunog na sasakyan along Taft Avenue. Wala pang bumbero. May mga bata at matatanda dito.,fire
EMERGENCY PO NAG-SPARK ANG WIRE TAPOS NASUNOG ANG BAHAY SEND SOMEONE PLEASE,fire
A wall collapsed sa Legarda malapit sa LRT Baka bumagsak pa ang iba Kailangan namin ng rescue,structural
"Good morning, Strong current of flood water, people are stranded sa San Andres Bukid. Urgent po.",flood
A child has a very high fever and is having a seizure. Mahina na ang pulso. Urgent po.,medical
"Pls help. Baha na sa San Andres Bukid, hanggang sakong na ang tubig. May mga senior at bata na hindi makalabas.",flood
Attention MDRRMD: Nahihilo at naninikip ang dibdib ng nanay ko. Nangingitim na ang labi niya. Pls hurry.,medical
Tulong! Someone is unconscious sa Legarda malapit sa LRT. Kanina pa po ito.,medical
"May sugatan near the barangay hall, malalim ang sugat sa braso. May high blood ang pasyente.",medical
help po. the water is already knee deep sa sta. mesa malapit sa riles. hindi na abot ng sasakyan. salamat po.,flood
Report lang po: May sunog sa Sta. Mesa malapit sa riles. Need help asap.,fire
tulong! natumba ang puno at nakaharang sa kalsada nakalaylay pa ang mga kable pakibilisan po,structural
Emergency po My father is having chest pain and can't breathe He is about 60 years old Pakitulungan po kami,medical
Saklolo! Bumigay ang bubong ng covered court. Nakalaylay pa ang mga kable.,structural
"BUMABAHA NA NAMAN SA LOOBAN NG SAMPALOC, HINDI MADAANAN. BROWNOUT NA RIN DITO. MARAMI PONG TAO DITO.",flood
"Saklolo! Need ambulance po, may nag-collapse sa tapat ng simbahan. He is about 60 years old. Tulong po.",medical
"FLOODED NA PO DITO SA AMIN, NEED RESCUE BOAT. THE CURRENT IS STRONG. KANINA PA PO ITO.",flood
saklolo! someone was electrcuted and is not responding. she is not responding. kailangan namin ng rescue.,medical
amoy sunog at may usok sa kabiang bahay we can hear explosions pakibilisan po,fire
Na-trap kami sa bubog dahil sa baha. Brownout na rin dito. Asap po sana.,flood
Tulong po. A child has a very high fever and is having a seizure. We have been waiting for an hour.,medical
"saklolo! sumabog ang tangke ng lpg, nasusunog na ang kusina. the smoke is very thick. wala pa pong dumarating.",fire
Hanggang leeg na ang baha sa tapat ng simbahan Brownout na rin dito Marami pong tao dito,flood
URGENT: A boy was bitten by a dog and is bleeding. Nangingitim na ang labi niya.,medical
Tulong po May apoy sa ikatlong palapag ng gusali People are trying to put it out with buckets Kanina pa po ito,fire
"Mga sir, A house is on fire , the flames are spreading to the next houses. Wala pang nasaktan. Saklolo.",fire
HELP! Natumba ang puno at nakaharang sa kalsada beside the covered court. Baka bumagsak pa ang iba. Please send help.,structural
"good morning, my father is having chest pain and can't breathe. he is about 60 years old.",medical
help! nagsusuka at nagtatae ang mga bata nanghihina na he lost a lot of blood tulong po,medical
report lang po: a tree fell and is blocking the road sa eskinita namin. delikado sa mga dumadaan.,structural
tulong po. bumagsak ang scaffolding sa construction site. hindi makadaan ang mga sasakyan. pakitulungan po kami.,structural
Help po. Umaapaw ang ilog at lumulubog na ang kalsada beside the covered court. Hindi na abot ng sasakyan. Pakibilisan po.,flood
HELP! May sunog. People are trying to put it out with buckets. May mga bata at matatanda dito.,fire
"report lang po: binabaha kami, hindi makalikas ang pamilya ko. the water is still rising. please respond.",flood
Report lang po: May malaking bitak ang tulay sa looban ng Sampaloc. Baka bumagsak pa ang iba. We have been waiting for an hour.,structural
TULONG PO. THICK SMOKE IS COMING OUT OF A BUILDING NEAR THE BARANGAY HALL. LIGHT MATERIALS ANG MGA BAHAY. SEND SOMEONE PLEASE.,fire
"mailis tumaas ang tubig, nasa ikalawang palapag na kami. walang sunog, baha lang. salamat po.",flood
"Paki-check po, Hinihika ang anak ko, nahihirapang huminga at the corner of Recto and Rizal Avenue. Saklolo.",medical
Report lang po: Asthma attack she can hardly breathe sa Vito Cruz He lost a lot of blood Salamat po,medical
Good evening po Amoy sunog at may usok sa kabilang bahay sa tapat ng simbahan Hindi naman baha dito sunog talaga Asap po sana,fire
"Baha po dito, pumasok na ang water sa bahay namin. Tulong po.",flood
"Good morning, A concrete fence fell on parked cars sa Legarda malapit sa LRT. Hindi makadaan ang mga sasakyan. Please send help.",structural
"Good morning, A pregnant woman is in labor and cannot get to the hospital. Namumutla at pinagpapawisan. Need help asap.",medical
"mabilis tumaas ang tubig, nasa ikalawang palapag na kami. may mga senior at bata na hindi makalabas. may mga bata at matatanda dito.",flood
"SAKLOLO! NANGANGANAK NA ANG BUNTIS, KAILANGAN NG AMBULANSYA. HE IS ABOUT 60 YEARS OLD. PAKITULUNGAN PO KAMI.",medical
URGENT: UMAAPAW ANG ILOG AT LUMULUBOG NA ANG KALSADA NEAR THE CREEK BROWNOUT NA RIN DITO MAY MGA BATA AT MATATANDA DITO,flood
Tulong! Pumapasok na ang tubig baha sa loob ng bahay behind the public school. The current is strong. Salamat po.,flood
The creek overflowed and water is enteing the houses sa ilalim ng tulay Need help asap,flood
May nasusnog na sasakyan Send someone please,fire
"hirap huminga ang pasyente, need oxygen.",medical
"Nasusunog ang bahay dito sa amin, kumakalat na ang apoy. Pakitulungan po kami.",fire
help po. amoy sunog at may usok sa kabilang bahay. dikit-dikit ang mga bahay dito. tulong po.,fire
"Sumabog ang tangke ng LPG, nasusunog na ang kusina here in Sampaloc. Strng wind is spreading it. Saklolo.",fire
"Paki-check po, Hindi na kami makalabas, mataas na ang tubig. The water is still rising. Send someone please.",flood
"Mga sir, May sugatan here in Sampaloc, malalim ang sugat sa braso. We don't know first aid.",medical
Emegency po May nahimatay sa Legarda malapit sa LRT hindi na humihinga Hindi dahil sa baha o sunog Pakitulungan po kami,medical
Paki-check po A person is having a stroke half of the face is drooping along Taft Avenue He lost a lot of blood,medical
attention mdrrmd: the roof of the covered court collapsed the road is not passable pakitulungan po kami,structural
Emergency po. Walang malay ang isang lalaki sa Barangay 105 Tondo. Hindi dahil sa baha o sunog.,medical
"Mga sir, A person is having a stroke, half of the face is drooping dito sa amin. Namumutla at pinagpapawisan.",medical
"good morning, makapal na usok galing sa bodega near ust. may mga naiwan pa sa loob. thank you.",fire
URGENT: A billboard fell on the road sa Pandacan. Pls hurry.,structural
"Paki-check po, A pregnant woman is in labor and cannot get to the hospital. Walang sasakyan papunta sa ospital.",medical
My father is having chest pain and can't breathe Hindi dahil sa baha o sunog,medical
"asthma attack, she can hardly breathe. we don't know first aid. we have been waiting for an hour.",medical
report lang po: nasusunog ang palengke in tondo near the market light materials ang mga bahay pls hurry,fire
Report lang po: An electric post fell across the street in front of the elementary school. Nakalaylay pa ang mga kable. Salamat po.,structural
Hanggang dibdib na ang baha sa kanto ng Dapitan at Blumentritt. The current is strong. Please send help.,flood
"Report lang po: A house is on fire in our street, the flames are spreading to the next houses. Light materials ang mga bahay. Thank you.",fire
Help po Nakatagilid na ang lumang bahay malapit nang gumuho sa likod ng palengke Walang sunog at walang baha Kailangan namin ng resue,structural
"Report lang po: Water came in very fast, chest deep inside the house now sa Paco market. Brownout na rin dito. Need help asap.",flood
"may sugatan here in sampaloc, malalim ang sugat sa braso. may high blood ang pasyente.",medical
Saklolo! Gumuho ang pader sa San Andres Bukid. Walang sunog at walang baha. Pakibilisan po.,structural
"rising pa rin ang tubig sa barangay 105 tondo, trapped ang mga tao sa second floor. wala pa pong dumarating.",flood
Good morning Sumabog ang transformer sa San Andres Bukid tapos nagka-sunog Hindi naman baha dito sunog talaga Urgent po,fire
MGA SIR MABILIS TUMAAS ANG TUBIG NASA IKALAWANG PALAPAG NA KAMI THE WATER IS STILL RISING WALA PA PONG DUMARATING,flood
"Mga sir, May seizure ang anak ko, need medic. Walang sasakyan papunta sa ospital. Salmat po.",medical
Report lang po: May nasusunog na sasakyan sa tabi ng estero. Wala pang bumbero. Need help asap.,fire
Nag-spark ang wire tapos nasunog ang bahay. Please send help.,fire
A billboard fell on the road near the creek. Delikado sa mga dumadaan. Pls hurry.,structural
Pls help. Nabalian ng binti ang rider on Lacson Avenue. May high blood ang pasyente.,medical
"Flooding sa Port Area, vehicles can't pass. Brownout na rin dito. Kailangan namin ng rescue.",flood
"Diabetic patient is shaking and confused, needs a medic. Hindi dahil sa baha o sunog. Tulong po.",medical
"Saklolo! Part of the building collapsed, people may be under the rubble along Pedro Gil. It needs heavy equipment. Salamat po.",structural
Scaffolding fell from the construction site sa Malate Walang sunog at walang baha Salamat po,structural
"Mga sir, Sira ang tulay , delikadong daanan. Delikado sa mga dumadaan. May mga bata at matatanda dito.",structural
"Saklolo! Kitchen fire, the LPG tank might explode. Strong wind is spreading it. We have been waiting for an hour.",fire
May apoy sa stockroom tumunog ang fire alarm sa likod ng palengke We can hear explosions,fire
"LUMALAKI ANG APOY, WALA PANG BUMBERO. PEOPLE ARE TRYING TO PUT IT OUT WITH BUCKETS.",fire
"Report lang po: The flood reached our first floor, we need a boat sa may España Blvd. Wala namang nasaktan pero hindi kami makaalis. Need help asap.",flood
Help po. I can see flames from the roof of the store.,fire
"Big fire, several houses are burning sa Binondo. Kanina pa po ito.",fire
"Tulong! An old woman fainted, she needs an ambulance. Nangingitim na ang labi niya. Please respond.",medical
"Mga sir, Diabetic patient is shaking and confused, needs a medic. Namumutla at pinagpapawisan. May mga bata at matatanda dito.",medical
"PAKI-CHECK PO, BAHA NA BESIDE THE COVERED COURT, HANGGANG LEEG NA ANG TUBIG. WALANG SUNOG, BAHA LANG. ASAP PO SANA.",flood
Tulong! Heavy rain since morning and the water level keeps going up along Pedro Gil. Kailangan namin ng rescue.,flood
"Saklolo! Need ambulance po, may nag-collapse dito sa Barangay 412. Namumutla at pinagpapawisan. Please respond.",medical
Gumuho ang pader sa likod ng palengke It needs heavy equipment Wala pa pong dumarating,structural
emergency po hinihika ang anak ko nahihirapang huminga mahina na ang pulso urgent po,medical
Emergency po. The fire is getting bigger and no fire truck yet. May mga bata at mattanda dito.,fire
nag-spark ang wire tapos nasunog ang bahay sa vito cruz kumakalat na sa katabing bahay saklolo,fire
"good evening po, may bitak ang mga haligi ng gusali, baka gumuho. the road is not passable. urgent po.",structural
"Good evening po, A child has a very high fever and is having a seizure sa Paco market. May diabetes siya. May mga bata at matatanda dito.",medical
"attenion mdrrmd: cracks on the walls and posts of the building, it may collapse sa kanto ng dapitan at blumentritt. hindi makadaan ang mga sasakyan. please respond.",structural
"Help po. Hinihika ang anak ko, nahihirapang huminga. Walang sasakyan papunta sa ospital. Saklolo.",medical
"Saklolo! Na-stroke ang lola ko, hindi maigalaw ang kalahati ng katawan. He is about 60 years old.",medical
TULONG! FLOOD WATER IS RISING FAST NEAR THE HEALTH CENTER. WALA NAMANG NASAKTAN PERO HINDI KAMI MAKAALIS. PLS HURRY.,flood
"a jeepney caught fire near the health center. hindi naman baha dito, sunog talaga.",fire
"MAY INJURED NA RIDER , DUMUDUGO ANG ULO. HE IS ABOUT 60 YEARS OLD.",medical
report lang po: someone is unconscious sa legarda malapit sa lrt mahina na ang pulso urgent po,medical
"PLS HELP. MAY CRACK ANG BRIDGE SA LIKOD NG PALENGKE, DEIKADO DUMAAN. IT NEEDS HEAVY EQUIPMENT.",structural
attention mdrrmd: a man is bleeding badly from a head wound near ust. we don't know first aid. pls hurry.,medical
Good morning The water is already neck deep dito sa amin The water is still rising We have been waitig for an hour,flood
URGENT: A TREE FELL AND IS BLOCKING THE ROAD SA STA. ANA. WALANG SUNOG AT WALANG BAHA. SALAMAT PO.,structural
help! smoke and flames on the third floor of the building sa binondo. we can hear explosions. we have been waiting for an hour.,fire
Paki-check po The roof of the covered court collapsed sa Pandacan Pakitulungan po kami,structural
A jeepney caught fire on Lacson Avenue Hindi naman baha dito sunog talaga Saklolo,fire
URGENT: Nabagsakan ng billboard ang kalsada Please respond,structural
Saklolo! The river is overflowing sa likod ng palengke. Hindi na abot ng sasakyan.,flood
"Attention MDRRMD: Nakagat ng aso ang bata, dumudugo ang sugat sa Legarda malapit sa LRT. He lost a lot of blood. Thank you.",medical
may malaking bitak ang tulay wala namang sugatan,structural
Saklolo! A boy was bitten by a dog and is bleeding behind the public school. Walang sasakyan papunta sa ospital. Need help asap.,medical
"May nahimatay , hindi na humihinga. He is about 60 years old. May mga bata at matatada dito.",medical
report lang po: someone is unconscious sa sta. ana. mahina na ang pulso. pakibilisan po.,medical
TULONG! BUMAGSAK ANG POSTE NG KURYENTE SA KALYE ALONG QUIRINO AVENUE. BAKA BUMAGSAK PA ANG IBA. PAKITULUNGAN PO KAMI.,structural
"Tulong po. Sumabog ang tangke ng LPG, nasusunog na ang kusina. Strong wind is spreading it.",fire
URGENT: Smoke and flames on the third floor of the building Kanina pa po ito,fire
"Nasusunog ang palengke on Lacson Avenue. Hindi naman baha dito, sunog talaga. Wala pa pong dumarating.",fire
Our street is flooded neck high water in our street,flood
"good morning, the river is overflowing dito sa baangay 412. wala namang nasaktan pero hindi kami makaalis. wala pa pong dumarating.",flood
"Sobrang taas na ng baha, hindi makalikas ang mga residente sa Paco market. Malakas pa rin ang ulan. Salamat po.",flood
tulong! makapal na usok galing sa bodega sa tapat ng simbahan. people are trying to put it out with buckets. kanina pa po ito.,fire
"Good evening po, May malaking bitak ang tulay sa eskinita namin. Delikado sa mga dumadaan. Need help asap.",structural
"GOOD MORNING, A JEEPNEY CAUGHT FIRE SA STA. ANA. MAY MGA NAIWAN PA SA LOOB. THANK YOU.",fire
Pls help Natumbang poste nakaharang sa daan hindi makadaan ang mga sasakyan Nakalaylay pa ang mga kable Kanina pa po ito,structural
"nasusunog ang bahay , kumakalat na ang apoy. light materials ang mga bahay. kanina pa po ito.",fire
tulong po something exploded and now there is a fire wala pang bumbero pls hurry,fire
"Nag-collapse ang wall sa Binondo, may na-trap sa ilalim. It needs heavy equipment. Thank you.",structural
"good evening po, gumuho ang pader sa malate. wala namang sugatan.",structural
"Mga sir, Gumuho ang pader. It needs heavy equipment. Saklolo.",structural
"URGENT: Floodd na po dito sa amin, need rescue boat.",flood
"Sira ang tulay on Lacson Avenue, delikadong daanan. Hindi makadaan ang mga sasakyan. Urgent po.",structural
URGENT: A man collapsed sa Malate and is not breathing. She is not responding. May mga bata at maatanda dito.,medical
"good evening po, nabalian ng binti ang rider sa sta. mesa malapit sa riles. hindi dahil sa baha o sunog. please respond.",medical
"Tulong! Lampas tao na ang baha. Walang sunog, baha lang. Please send help.",flood
"Mga sir, A man collapsed sa tapat ng simbahan and is not breathing. Hindi dahil sa baha o sunog. May mga bata at matatanda dito.",medical
Pls help. Thick smoke is coming out of a building sa Baseco compound. Wala pang nasaktan. Send someone please.,fire
Attention MDRRMD: Natumba ang malaking puno sa bahay sa ilalim ng tulay Nakalaylay pa ang mga kable Pakitulungan po kami,structural
smoke and flames on the third floor of the building behind the public school. wala pang nasaktan. pakitulungan po kami.,fire
a child has a very high fever and is having a seizure. may diabetes siya. marami pong tao dito.,medical
"Attention MDRRMD: May bitak ang mga haligi ng gusali, baka gumuho. Walang sunog at walng baha. Salamat po.",structural
"Attention MDRRMD: Fire po dito, malaki na ang apoy dito sa Barangay 412. Wala pang nasaktan. Pakibilisan po.",fire
"Pls help. Natumbang poste nakaharang sa daan, hindi makadaan ang mga sasakyan. Pakitulungan po kami.",structural
URGENT: The water is already knee deep in Tondo near the market. Wala namang nasaktan pero hindi kami makaalis. Please send help.,flood
chest deep na ang baha malakas pa rin ang ulan kaina pa po ito,flood
"URGENT: A house is on fire sa Baseco compound, the flames are spreading to the next houses. Hindi naman baha dito, sunog talaga. Need help asap.",fire
gumuho ang lupa at mga bato sa eskinita. hindi makadaan ang mga sasakyan.,structural
"Debris is blocking the road sa Barangay 105 Tondo, vehicles can't pass. Please send help.",structural
"attention mdrrmd: baha po dito, pumasok na ang water sa bahay namin sa paco market. no electricity here. asap po sana.",flood
Emergency po. Walang malay ang isang lalaki near Quiapo church. Kanina pa po ito.,medical
"Mga sir, Someone was electrocuted and is not responding. She is not responding.",medical
A child has a very high fever and is having a seizure Please send help,medical
"Paki-check po, Hinihika ang anak ko, nahihirapang huminga. He lost a lot of blood.",medical
"GOOD MORNING, A HOUSE IS ON FIRE NEAR THE CREEK, THE FLAMES ARE SPREADING TO THE NEXT HOUSES. THE SMOKE IS VERY THICK. SEND SOMEONE PLEASE.",fire
attention mdrrmd: the water is already chest deep sa sta ana malakas pa rin ang ulan,flood
"good evening po, bumagsak ang bakod na semeno sa mga nakaparadang sasakyan. please send help.",structural
ATTENTION MDRRMD: NAHIHILO AT NANINIKIP ANG DIBDIB NG NANAY KO SA SAN ANDRES BUKID. HE IS ABOUT 60 YEARS OLD.,medical
"tulong! hirap huminga ang pasyente, need oxygen. nangingitim na ang labi niya. we have been waiting for an hour.",medical
"help! flooded na po , need rescue boat. the water is still rising. thank you.",flood
"A HOUSE IS ON FIRE IN TONDO NEAR THE MARKET, THE FLAMES ARE SPREADING TO THE NEXT HOUSES. WALA PANG NASAKTAN.",fire
"Tulong! Nahulog sa hagdan ang lolo ko, hindi makatayo. Walang sasakyan papunta sa ospital. Kailangan namin ng rescue.",medical
Tulong po. Umaapaw ang ilog at lumulubog na ang kalsada. May mga senior at bata na hindi makalabas. Thank you.,flood
Mga sir Nagsusuka at nagtatae ang mga bata nanghihina na Nangingitim na ang labi niya Pls hurry,medical
URGENT: Nagsimula ang sunog sa kusina mabilis kumalat Hindi naman baha dito sunog talaga Urgent po,fire
"Good morning, May sunog sa Port Area. Thank you.",fire
emergency po buntis na manganganak na wala kaming sasakyan papuntang hospital he is about 60 years old,medical
Tumataas ang tubig. May mga senior at bata na hindi makalabas. May mga bata at matatanda dito.,flood
URGENT: Something exploded and now there is a fire sa Sta. Mesa malapit sa riles. Kumakalat na sa katabing bahay. May mga bata at matatanda dito.,fire
nasusunog ang palengke sa sta ana hindi naman baha dito sunog tlaga pakitulungan po kami,fire
"tulong! nahulog sa hagdan ang lolo ko, hindi makatayo along pedro gil. namumutla at pinagpapawisan.",medical
HELP! Someone is unconscious sa Barangay 105 Tondo. Kailangan namin ng rescue.,medical
"attention mdrrmd: floding beside the covered court, vehicles can't pass. brownout na rin dito. we have been waiting for an hour.",flood
"Good morning, Gumuho ang pader. Hindi makadaan ang mga sasakyan.",structural
"malalim na ang tubig dito sa barangay 412, kailangan ng bangka.",flood
"good morning, debris is bocking the road in front of the elementary school, vehicles can't pass. people are afraid to go back inside. send someone please.",structural
the road caved in there is a big snkhole the road is not passable please respond,structural
we cannot evacuate the road is under water the current is strong urgent po,flood
Pls help Flooded na po sa Barangay 105 Tondo need rescue boat Our things are floating Please send help,flood
makapal na usok galing sa bodega sa tabi ng estero may mga naiwan pa sa loob,fire
pls help houses are submerged sa sta ana the water is still rising we have been waiting for an hour,flood
"KITCHEN FIRE, THE LPG TANK MIGHT EXPLODE DITO SA BARANGAY 412. WALA PANG NASAKTAN. KANINA PA PO ITO.",fire
GRASS FIRE SPREADING NEAR THE HOUES SA P. NOVAL. STRONG WIND IS SPREADING IT. PLS HURRY.,fire
Pls help. The creek overflowed and water is entering the houses sa Sta. Mesa malapit sa riles. No electricity here.,flood
"Good evening po, Sumabog ang transformer along Taft Avenue tapos nagka-sunog. Kumakalat na sa katabing bahay. Wala pa pong dumarating.",fire
"Mga sir, A concrete fence fell on parked cars. Walang sunog at walang baha.",structural
"Inaanod na ang mga gamit, malakas ang agos ng tubig. Walang sunog, baha lang. Please send help.",flood
URGENT: Bumabaha na naman sa Legarda malapit sa LRT hindi madaanan Brownout na rin dito Pakibilisan po,flood
I CAN SEE FLAMES FROM THE ROOF OF THE STORE NEAR THE BARANGAY HALL. WALA PANG BUMBERO. PLS HURRY.,fire
HELP! Makapal na usok galing sa bodega. Salamat po.,fire
"Sumabog ang tangke ng LPG, nasusunog na ang kusina. Pls hurry.",fire
"may apoy sa stockroom, tumunog ang fire alarm along taft avenue. light materials ang mga bahay.",fire
"PAKI-CHECK PO, NAKATAGILID NA ANG LUMANG BAHAY, MALAPIT NANG GUMUHO. IT NEEDS HEAVY EQUIPMENT. PAKITULUNGAN PO KAMI.",structural
Attention MDRRMD: A billbord fell on the road sa Paco market.,structural
"Report lang po: Baha na near the basketball court, hanggang leeg na ang tubig. The current is strong.",flood
HELP! Malaking sunog maraming bahay ang natutupok dito sa amin May mga naiwan pa sa loob Wala pa pong dumarating,fire
report lang po: na-trap kami sa bubong dahil sa baha. the water is still rising. wala pa pong dumarating.,flood
GOOD EVENING PO NAGSIMULA ANG SUNOG SA KUSINA MABILIS KUMALAT LIGHT MATERIALS ANG MGA BAHAY THANK YOU,fire
"Tulong po. Nakagat ng aso ang bata, dumudugo ang sugat sa Sta. Mesa malapit sa riles. May diabetes siya.",medical
Baha po dito pumasok na ang water sa bahay namin Malakas pa rin ang ulan Kanina pa po ito,flood
good evenig po waist deep na ang baha beside the covered court may mga senior at bata na hindi makalabas,flood
"Good morning, Lumubog ang kalsada, may malaking butas. Delikado sa mga dumadaan.",structural
HELP! A child has a very high fever and is having a seizure. Namumutla at pinagpapawisan. Please respond.,medical
"Tulong po. Hirap huminga ang pasyente, need oxygen near UST. May high blood ang pasyente. Pakitulungan po kami.",medical
"ATTENTION MDRRMD: SOBRANG TAAS NA NG BAHA, HINDI MAKALIKAS ANG MGA RESIDENTE. WALA NAMANG NASAKTAN PERO HINDI KAMI MAKAALIS. NEED HELP ASAP.",flood
"Good evening po, Need ambulance po, may nag-collapse sa Malate. Mahina na ang pulso. We have been waiting for an hour.",medical
mga sir bumabaha na naman dito sa barangay 412 hindi madaanan malakas pa rin ang ulan pakibilisan po,flood
emergency po. the footbridge is damaged and shaking along quirino avenue. delikado sa mga dumadaan. pls hurry.,structural
Pls help. The water is already neck deep sa Port Area. Hindi na abot ng sasakyan. Tulog po.,flood
help po haggang dibdib na ang baha kailangan namin ng rescue,flood
Paki-check po An elderly man fell down the stairs and cannot move Namumutla at pinagpapawisan Pls hurry,medical
"HELP! The flood reached our first floor, we need a boat. Saklolo.",flood
attention mdrrmd: bumigay ang bubong ng covered court. kanina pa po ito.,structural
"Paki-check po, Burning smell and black smoke from the transformer. Wala pang bumbero. Please respond.",fire
"Nagliliyab ang poste ng kuryente sa Paco market. Hindi naman baha dito, sunog talaga. Kailangan namin ng rescue.",fire
"Pls help. Ang kapal ng usok near Qiapo church, may nasusunog na building. People are trying to put it out with buckets. May mga bata at matatanda dito.",fire
"Paki-check po, An old woman fainted, she needs an ambulance. Hindi dahil sa baha o sunog. Pakitulungan po kami.",medical
Pls help Nakaharang ang mga debris sa daan in our street May mga taong naipit Please send help,structural
"help po. strong current of flood water, people are stranded along taft avenue. the water is still rising. pls hurry.",flood
Kitchen fire the LPG tank might explode Marami pong tao dito,fire
URGENT: There is a big crack on the bridge. Baka bumagsak pa ang iba.,structural
HELP! DUGUAN ANG ULO NG ISANG MATANDA MATAPOS MADULAS,medical
Bumigay ang roof ng gym along Quirino Avenue. People are afraid to go back inside. Need help asap.,structural
"good evening po, natumba ang malaking puno sa bahay sa pandacan. may mga taong naipit.",structural
"Good evening po, Nakaharang ang mga debris sa daan beside the covered court. May mga taong naipit. Thank you.",structural
"MAY APOY SA STOCKROOM, TUMUNOG ANG FIRE ALARM. PLEASE RESPOND.",fire
"pls help. nasusunog ang bahay sa malate, kumakalat na ang apoy. hindi naman baha dito, sunog talaga.",fire
tulong po grabe ang baha hanggang sakong na brownout na rin dito plese respond,flood
Help po There is a fire sa Sta Ana Pakitulungan po kami,fire
"dumudugo nang malaks ang sugat niya, need first aid. nangingitim na ang labi niya.",medical
"fire po dito, malaki na ang apoy. strong wind is spreaing it. kanina pa po ito.",fire
Good morning An electric post fell across the street sa kanto ng Dapitan at Blumentritt Please send help,structural
Stranded kami dahil sa baha di makadaan ang sasakyan Wala namang nasaktan pero hindi kami makalis,flood
Tulong! Blocked ang road dahil sa natumbang puno sa Port Area It needs heavy equipment Asap po sana,structural
"diabetic patint is shaking and confused, needs a medic. we don't know first aid. marami pong tao dito.",medical
"pls help. vomiting and diarrhea, the children are very weak. nangingitim na ang labi niya. urgent po.",medical
Saklolo! Someone was electrocuted and is not responding. Mahina na ang pulso. Urgent po.,medical
HELP! Na-trap kami sa bubong dahil sa baha.,flood
"Tulong po. The road caved in, there is a big sinkhole. Hindi makadaan ang mga sasakyan. Kailangan namin ng rescue.",structural
"Good morning, Cracks on the walls and posts of the building, it may collapse. May mga taong naipit. Kanina pa po ito.",structural
Smoke and flames on the third floor of the builing sa Pandacan. May mga naiwan pa sa loob. Tulong po.,fire
"Good morning, Burning smell and black smoke from the transformer sa Baseco compound. Kumakalat na sa katabing bahay. Please send help.",fire
"Pls help. We cannot evacuate, the road is under water. May mga senior at bata na hindi makalabas. Kailangan namin ng rescue.",flood
"Nakuryente ang isang lalaki, hindi na gumagalaw sa Pandacan. Hindi dahil sa baha o sunog. Need help asap.",medical
smoke and flames on the third floor of the building near the barangay hall. pakibilisan po.,fire
"Help po. Stranded kami dahil sa baha, di makadaan ang sasakyan. Wala nang madaanan. We have been waiting for an hour.",flood
HELP! The roof of the covered court collapsed. It needs heavy equipment. Wala pa pong dumarating.,structural
Good evening po neck deep na ang baha Wala nang madaanan Please respond,flood
"Good evening po, Inaanod na ang mga gamit, malakas ang agos ng tubig in front of the elementary school. Pls hurry.",flood
paki-check po there is a fire sa may españa blvd wala pang bumbero pls hurry,fire
"A person is having a stroke, half of the face is drooping.",medical
gumuho ang pader sa legarda malapit sa lrt. walang sunog at walang baha. kanina pa po ito.,structural
Mga sir May apoy sa ikatlong palapag ng gusali,fire
"Emergency po. Flooding sa Port Area, vehicles can't pass. Brownout na rin dito. Wala pa pong dumarating.",flood
HELP! Baha na along Pedro Gil hanggang dibdib na ang tubig Thank you,flood
"good evening po, may fire sa kapitbahay, kuakalat na ang apoy sa sta. mesa malapit sa riles. wala pang bumbero. pakitulungan po kami.",fire
A man collapsed and is not breathing,medical
"Report lang po: Inaanod na ang mga gamit, malakas ang agos ng tubig sa eskinita namin. No electricity here.",flood
"Baha na sa Malate, hanggang leeg na ang tubig. Our things are floating. We have been waiting for an hour.",flood
report lang po: bumagsak ang bakod na semento sa mga nakaparadang sasakyan baka bumagsak pa ang iba,structural
help po. nag-spark ang wire tapos nasunog ang bahay. strog wind is spreading it. wala pa pong dumarating.,fire
Saklolo! A wall collapsed in front of the elementary school Nakalaylay pa ang mga kable Saklolo,structural
"Paki-check po, Asthma attack, she can hardly breathe. Namumutla at pinagpapawisan. Tulong po.",medical
"Paki-check po, Umapw na ang estero. No electricity here. Wala pa pong dumarating.",flood
Nakatagilid na ang lumang bahay malapit nang gumuho near UST Tulong po,structural
"nagsimula ang sunog sa kusina, mabilis kumalat. light materials ang mga bahay. urgent po.",fire
"help po. flooding sa sta. mesa malapit sa riles, vehicles can't pass. our things are floating. urgent po.",flood
Blocked ang road dahil sa natumbang puno sa Malate. Hindi makadaan ang mga sasakyan. Tulong po.,structural
HELP! The fotbridge is damaged and shaking dito sa amin. No one is hurt so far. Saklolo.,structural
tulng po. flash flood. may mga senior at bata na hindi makalabas. saklolo.,flood
tulong po diabetic patient is shaking and confused needs a medic we don't know first aid salamat po,medical
report lang po: the fire is getting bigger and no fire truck yet. light materials ang mga bahay.,fire
"good morning, smoke and flames on the third floor of the building sa kanto ng dapitan at blumentritt. we can hear explosions.",fire
report lang po: umuusok ang kable ng kuryente at nag-aapoy na. wala pang nasaktan. kanina pa po ito.,fire
"Good morning, There is a fire dito sa amin. Hindi naman baha dito, sunog talaga. We have been waiting for an hour.",fire
Nagliliyab ang poste ng kuryente beside the covered court. Wala pang nasaktan.,fire
Report lang po: Umaapaw ang ilog at lumulubog na ang kalsada in our street. Bownout na rin dito.,flood
Tulong po. An eectric post fell across the street in our street. Kailangan namin ng rescue.,structural
A family is stuck on the roof and the flood keeps rising in our street No electricity here Pakibilisan po,flood
"Good morning, An elderly man fell down the stairs and cannot move. Hindi dahil sa baha o sunog. Thank you.",medical
"Our street is flooded, neck high water. No electricity here. Kailangan namin ng rescue.",flood
URGENT: Lampas tao na ang baha sa tabi ng estero. Our things are floating. Pakitulungan po kami.,flood
help po. tumataas ang tubig sa paco market. brownout na rin dito. kailangan namin ng rescue.,flood
HELP! Hanggang leeg na ang baha. Hindi na abot ng sasakyan. Kilangan namin ng rescue.,flood
natumba ang puno at nakaharang sa kalsada sa malate. nakalaylay pa ang mga kable.,structural
An eectric post fell across the street near the health center. Walang sunog at walang baha.,structural
"Report lang po: Bumagsak ang bahagi ng gusali, may natabunan. Nakalaylay pa ang mga kable. Wala pa pong dumarating.",structural
Mga sir Nakuryente ang isang lalaki hindi na gumagalaw Urgent po,medical
"May fire sa kapitbahay, kumakalat na ang apoy. People are trying to put it out with buckets. We have been waiting for an hour.",fire
attention mdrrmd: bumigay ang bubong ng covered court. delikado sa mga dumadaan.,structural
"Good morning, Need ambulance po, may nag-collapse sa P. Noval. May mga bata at matatanda dito.",medical
"URGENT: Kitchen fire, the LPG tank might explode sa Vito Cruz. Need help asap.",fire
urgent: umaapaw ang ilog at lumulubog na ang kalsada sa kanto ng dapitan at blumentritt. hindi na abot ng sasakyan. wala pa pong dumarating.,flood
The flood reaced our first floor we need a boat No electricity here Asap po sana,flood
Tulong po The creek overflowed and water is entering the houses sa San Andres Bukid,flood
"Paki-check po, Soil and rocks slid down and covered the alley. Walang sunog at walang baha. Tulong po.",structural
"Saklolo! Baha po dito, pumasok na ang water sa bahay namin. Walang sunog, baha lang. Saklolo.",flood
help po. a child has a very high fever and is having a seizure. namumutla at pinagpapawisan.,medical
Tulong po Sumabog ang tangke ng LPG nasusunog na ang kusina We can hear explosions Saklolo,fire
HELP! Vomiting and diarrhea the children are very weak sa Barangay 105 Tondo Mahina na ang pulso Urgent po,medical
"pls help. sobrang taas na ng baha, hindi makalikas ang mga residente beside the covered court. the current is strong. asap po sana.",flood
heavy rain since morning and the water level keeps going up sa sta. mesa malapit sa riles. the current is strong.,flood
"saklolo! emergency po, inatake sa puso ang kapitbahay sa sta. ana. he lost a lot of blood. may mga bata at matatanda dito.",medical
"PAKI-CHECK PO, BAHA PO DITO, PUMASOK NA ANG WATER SA BAHAY NAMIN. OUR THINGS ARE FLOATING. SEND SMEONE PLEASE.",flood
"Good morning, May nahimatay sa looban ng Sampaloc, hindi na humihinga. He is about 60 years old. Send someone please.",medical
"Paki-check po, Stranded kami dahil sa baha, di makadaan ang sasakyan. We have been waitng for an hour.",flood
Pls help Someone is unconscios sa may España Blvd May diabetes siya,medical
"Report lang po: Sira ang pader ng building, baka gmuho near the creek. We have been waiting for an hour.",structural
"May seizure ang anak ko, need medic. May high blood ang pasyente. Kanna pa po ito.",medical
good evening po mabilis tumaas ang tubig nasa ikalawang palapag na kami wala nang madaanan send someone please,flood
"Sunog po sa tapat ng simbahan, need ng bumbero. Dikit-dikit ang mga bahay dito. Pakitulungan po kami.",fire
Attention MDRRMD: May sugatan sa Baseco compound malalim ang sugat sa braso We don't know first aid Saklolo,medical
A man collapsed dito sa amin and is not breathing We don't know first aid Please respond,medical
buntis na manganganak na wala kaming sasakyan papuntang hospital hindi dahil sa baha o sunog tulong po,medical
soil and rocks slid down and covered the alley. people are afraid to go back inside. salamat po.,structural
"Mga sir, Nag-collapse ang wall near the creek, may na-trap sa ilalim. May mga taong naipit. Need help asap.",structural
"Nakuryente ang isang lalaki, hindi na gumagalaw sa Sta. Ana. Nangingitim na ang labi niya. Pakitulungan po kami.",medical
Emergency po. My father is having chest pain and can't breathe beside the covered court. Pls hurry.,medical
urgent: hanggang dibdib na ang baha sa binondo. marami pong tao dito.,flood
help po. grass fire spreading near the houses sa may españa blvd. light materials ang mga bahay. saklolo.,fire
Tulong! The roof of the covered court collapsed. It needs heavy equipment. Marami pong tao dito.,structural
URGENT: A tree fell and is blocking the road on Lacson Avenue. Please respond.,structural
URGENT: An elderly man fell down the stairs and cannot move sa Binondo She is not responding Salamat po,medical
Natumba ang puno at nakaharang sa kalsada dito sa Barangay 412. No one is hurt so far. Send someone please.,structural
saklolo! nabalian ng binti ang rider near the health center namumutla at pinagpapawisan need help asap,medical
